date,open,high,low,close,volume,dividends,stock splits,symbol,timeframe
2022-09-14 00:00:00-04:00,149.62684011562746,150.19532386798068,147.05090107765355,148.9606475830078,652600,0.0,0.0,MAA,1d
2022-09-15 00:00:00-04:00,149.18269165465932,150.11536378537158,147.11305217247377,147.37953186035156,522900,0.0,0.0,MAA,1d
2022-09-16 00:00:00-04:00,146.89099847927196,147.77037744573911,144.68812577322637,147.40618896484375,946500,0.0,0.0,MAA,1d
2022-09-19 00:00:00-04:00,145.9316602440591,147.0775187648614,143.86203444375303,146.66891479492188,624600,0.0,0.0,MAA,1d
2022-09-20 00:00:00-04:00,145.03456438694286,145.27439750999375,140.99299337086916,142.0944366455078,708500,0.0,0.0,MAA,1d
2022-09-21 00:00:00-04:00,143.08038822371634,144.10187798838908,140.06919860839844,140.06919860839844,488000,0.0,0.0,MAA,1d
2022-09-22 00:00:00-04:00,139.90929420501809,141.69469867115552,138.01731683625374,141.0729217529297,640600,0.0,0.0,MAA,1d
2022-09-23 00:00:00-04:00,139.98036918331044,143.41793180632695,139.37636113705275,140.4955596923828,876300,0.0,0.0,MAA,1d
2022-09-26 00:00:00-04:00,139.86485694541872,139.86485694541872,136.40064889683552,137.049072265625,843800,0.0,0.0,MAA,1d
2022-09-27 00:00:00-04:00,138.29268824421982,139.09211385534763,134.49095064007466,134.60641479492188,548900,0.0,0.0,MAA,1d
2022-09-28 00:00:00-04:00,136.00097131688125,139.1009917928754,134.17116485249403,138.39926147460938,1243800,0.0,0.0,MAA,1d
2022-09-29 00:00:00-04:00,137.4043898642216,138.34593951511974,134.98833128084794,136.45394897460938,798500,0.0,0.0,MAA,1d
2022-09-30 00:00:00-04:00,137.71528319468322,138.9677281252926,136.48060718929543,137.741943359375,1162400,0.0,0.0,MAA,1d
2022-10-03 00:00:00-04:00,140.0513818066594,142.4230247147881,138.61241080826412,140.8685760498047,974300,0.0,0.0,MAA,1d
2022-10-04 00:00:00-04:00,141.5437095502515,142.7428479544091,139.27865227076953,140.72650146484375,940000,0.0,0.0,MAA,1d
2022-10-05 00:00:00-04:00,138.94109209806703,139.44740485256094,134.9261685764253,136.35626220703125,638100,0.0,0.0,MAA,1d
2022-10-06 00:00:00-04:00,136.24082102419635,136.87147570981793,133.13192248198408,133.425048828125,858000,0.0,0.0,MAA,1d
2022-10-07 00:00:00-04:00,132.14598278384665,132.88323763715863,128.06887331276243,129.01043701171875,786200,0.0,0.0,MAA,1d
2022-10-10 00:00:00-04:00,129.52560908328678,130.45826785151675,127.72243536552608,128.3531036376953,761000,0.0,0.0,MAA,1d
2022-10-11 00:00:00-04:00,128.3708419095384,131.0889048158835,127.74906502797569,130.45823669433594,621900,0.0,0.0,MAA,1d
2022-10-12 00:00:00-04:00,130.05851422915214,130.15622298564398,127.4559292074346,128.90377807617188,741300,0.0,0.0,MAA,1d
2022-10-13 00:00:00-04:00,126.78035271582712,131.6813328155921,126.44884662776941,131.31398010253906,822100,1.25,0.0,MAA,1d
2022-10-14 00:00:00-04:00,132.98944630760408,132.98944630760408,127.01329992795459,127.53296661376953,1084000,0.0,0.0,MAA,1d
2022-10-17 00:00:00-04:00,130.0237816617932,133.92127520411483,129.48620530278902,133.5449676513672,1112300,0.0,0.0,MAA,1d
2022-10-18 00:00:00-04:00,135.24732427411487,137.0840744106457,133.88543944541857,135.02333068847656,962600,0.0,0.0,MAA,1d
2022-10-19 00:00:00-04:00,133.89437982659697,133.99293753044435,130.79430323679128,132.25474548339844,1520400,0.0,0.0,MAA,1d
2022-10-20 00:00:00-04:00,133.0342253767426,134.26171914270813,131.90530297629036,132.26368713378906,951800,0.0,0.0,MAA,1d
2022-10-21 00:00:00-04:00,132.29058548728136,134.15421346844983,130.6599195484348,133.9750213623047,1423700,0.0,0.0,MAA,1d
2022-10-24 00:00:00-04:00,135.43545434917283,135.43545434917283,132.10242945303958,133.01632690429688,960900,0.0,0.0,MAA,1d
2022-10-25 00:00:00-04:00,133.20446898548474,138.49072442516402,132.49665545567063,137.93521118164062,772800,0.0,0.0,MAA,1d
2022-10-26 00:00:00-04:00,137.80979247188628,138.57137602682198,135.3458633690117,135.88345336914062,821500,0.0,0.0,MAA,1d
2022-10-27 00:00:00-04:00,139.1985421228973,140.8023298086632,135.93719681923656,137.99794006347656,1030000,0.0,0.0,MAA,1d
2022-10-28 00:00:00-04:00,137.666437437902,140.9367516388954,136.98550193263304,140.3185272216797,839200,0.0,0.0,MAA,1d
2022-10-31 00:00:00-04:00,139.2702633642221,141.73419297202034,138.6609936611219,141.0711669921875,899800,0.0,0.0,MAA,1d
2022-11-01 00:00:00-04:00,142.31653677130066,142.80932530910263,140.34539629157396,141.16073608398438,617000,0.0,0.0,MAA,1d
2022-11-02 00:00:00-04:00,140.50668429054542,142.35238900350475,137.12885763996044,137.272216796875,852500,0.0,0.0,MAA,1d
2022-11-03 00:00:00-04:00,135.59673767966538,137.6664359786793,133.70623149366688,136.2508087158203,451400,0.0,0.0,MAA,1d
2022-11-04 00:00:00-04:00,137.04820583371952,138.14128166978045,134.09148853744466,137.72914123535156,610500,0.0,0.0,MAA,1d
2022-11-07 00:00:00-05:00,138.27570243767838,138.8580802096619,134.9695553922014,135.82969665527344,594600,0.0,0.0,MAA,1d
2022-11-08 00:00:00-05:00,136.34038993603752,138.32945371819713,136.2418322289402,137.46035766601562,844200,0.0,0.0,MAA,1d
2022-11-09 00:00:00-05:00,136.88694620934098,138.13234988261033,136.26872178313494,136.42103576660156,501400,0.0,0.0,MAA,1d
2022-11-10 00:00:00-05:00,140.65897060720022,147.3250060350623,140.65897060720022,146.7874298095703,688900,0.0,0.0,MAA,1d
2022-11-11 00:00:00-05:00,146.5097119555955,147.7282374722047,142.3613468381167,143.60675048828125,574400,0.0,0.0,MAA,1d
2022-11-14 00:00:00-05:00,143.25732686756956,143.99203233837972,139.6286283047132,139.71823120117188,702700,0.0,0.0,MAA,1d
2022-11-15 00:00:00-05:00,141.26822166647617,141.49221517080016,139.05516475003688,140.3543243408203,478200,0.0,0.0,MAA,1d
2022-11-16 00:00:00-05:00,140.47081707114245,143.22146409630588,140.05867664478916,140.65000915527344,590400,0.0,0.0,MAA,1d
2022-11-17 00:00:00-05:00,139.1358277877016,140.72170595296657,138.29362352201986,139.6286163330078,456200,0.0,0.0,MAA,1d
2022-11-18 00:00:00-05:00,142.0119278807609,142.74663337595743,140.4260495268848,142.20008850097656,455600,0.0,0.0,MAA,1d
2022-11-21 00:00:00-05:00,141.72520791665752,143.41861246475588,141.34890035201883,143.27525329589844,478900,0.0,0.0,MAA,1d
2022-11-22 00:00:00-05:00,143.80384309397547,144.62813762564997,143.06018295017049,144.14431762695312,492200,0.0,0.0,MAA,1d
2022-11-23 00:00:00-05:00,143.52610377793766,144.825263583789,142.89892459630056,144.53855895996094,560700,0.0,0.0,MAA,1d
2022-11-25 00:00:00-05:00,144.85216367090177,145.63165693826755,143.67843952347147,144.6640167236328,176400,0.0,0.0,MAA,1d
2022-11-28 00:00:00-05:00,144.10847156948952,144.79837545740813,141.3667929993848,141.68038940429688,605900,0.0,0.0,MAA,1d
2022-11-29 00:00:00-05:00,141.447443099769,145.39869261746838,141.22344954894453,145.07614135742188,495500,0.0,0.0,MAA,1d
2022-11-30 00:00:00-05:00,144.20702521127592,147.78196670649612,142.66594870242002,147.72821044921875,749500,0.0,0.0,MAA,1d
2022-12-01 00:00:00-05:00,148.89298840104343,149.9502450833078,146.08859840630836,147.1368865966797,512900,0.0,0.0,MAA,1d
2022-12-02 00:00:00-05:00,145.74808834280662,147.8088312686667,145.02235159321395,147.1726837158203,515600,0.0,0.0,MAA,1d
2022-12-05 00:00:00-05:00,145.69436630004708,145.9541928045413,142.55845657656047,142.8182830810547,1146200,0.0,0.0,MAA,1d
2022-12-06 00:00:00-05:00,143.14979551773592,143.6515388604126,140.09452034785332,140.8381805419922,695100,0.0,0.0,MAA,1d
2022-12-07 00:00:00-05:00,140.3364451019564,142.9974896034476,140.3364451019564,142.6659698486328,696300,0.0,0.0,MAA,1d
2022-12-08 00:00:00-05:00,144.51166687843704,147.4056732712693,143.71425041943377,146.28570556640625,820400,0.0,0.0,MAA,1d
2022-12-09 00:00:00-05:00,145.78395521927834,147.42357582953497,144.72669864750333,144.82525634765625,455300,0.0,0.0,MAA,1d
2022-12-12 00:00:00-05:00,144.82524884230432,146.69783137668594,142.9795444364369,146.59927368164062,482700,0.0,0.0,MAA,1d
2022-12-13 00:00:00-05:00,151.06123639026947,151.12394746712923,146.17816668367212,148.4001922607422,715500,0.0,0.0,MAA,1d
2022-12-14 00:00:00-05:00,148.54356241264318,151.1777288511123,146.51866556317518,147.3519287109375,550300,0.0,0.0,MAA,1d
2022-12-15 00:00:00-05:00,144.5923506998755,146.76956189422287,143.19463284600053,144.40419006347656,595600,0.0,0.0,MAA,1d
2022-12-16 00:00:00-05:00,142.12840355659281,142.2538394081792,138.85808925136914,141.20555114746094,1542200,0.0,0.0,MAA,1d
2022-12-19 00:00:00-05:00,140.66793068377376,141.00840520934676,138.62511087329463,139.1537322998047,747700,0.0,0.0,MAA,1d
2022-12-20 00:00:00-05:00,138.06067470869203,139.126886298478,137.3976624855518,138.07859802246094,489500,0.0,0.0,MAA,1d
2022-12-21 00:00:00-05:00,138.7684760706332,141.00841137047436,138.49968110035624,139.7361297607422,607500,0.0,0.0,MAA,1d
2022-12-22 00:00:00-05:00,138.97457594220114,139.69135812538096,136.66296057897486,138.81329345703125,393100,0.0,0.0,MAA,1d
2022-12-23 00:00:00-05:00,138.2936228935336,140.21100712989028,137.4245268279836,140.0855712890625,205300,0.0,0.0,MAA,1d
2022-12-27 00:00:00-05:00,140.21994981004843,141.27719270956453,139.26125093913254,140.5066680908203,349200,0.0,0.0,MAA,1d
2022-12-28 00:00:00-05:00,140.85612623456268,141.348901164182,137.6037351387711,137.88148498535156,353000,0.0,0.0,MAA,1d
2022-12-29 00:00:00-05:00,139.0731195309957,141.85959990223284,138.41906217836882,141.3309783935547,370100,0.0,0.0,MAA,1d
2022-12-30 00:00:00-05:00,140.6052266452215,141.25929766399886,139.09104170971122,140.65899658203125,436100,0.0,0.0,MAA,1d
2023-01-03 00:00:00-05:00,141.0442369647876,142.5226023884785,138.05168684140753,139.25228881835938,405500,0.0,0.0,MAA,1d
2023-01-04 00:00:00-05:00,139.9332471262209,142.06567014483113,139.9332471262209,141.3309783935547,598200,0.0,0.0,MAA,1d
2023-01-05 00:00:00-05:00,139.7361526011522,140.0318120781554,136.33144765458553,137.093017578125,545800,0.0,0.0,MAA,1d
2023-01-06 00:00:00-05:00,137.84563748955372,142.52262395310922,137.34388044859193,141.8416748046875,336600,0.0,0.0,MAA,1d
2023-01-09 00:00:00-05:00,140.62314198213733,142.55844945308243,139.359815132647,139.5569305419922,437900,0.0,0.0,MAA,1d
2023-01-10 00:00:00-05:00,138.92079518143228,139.95115998897165,137.86353857153603,138.6251220703125,622400,0.0,0.0,MAA,1d
2023-01-11 00:00:00-05:00,139.38671396658594,144.20704590437467,139.38671396658594,143.89346313476562,758200,0.0,0.0,MAA,1d
2023-01-12 00:00:00-05:00,144.47190481818328,146.6321136035169,142.835932589721,145.05941772460938,825000,1.4,0.0,MAA,1d
2023-01-13 00:00:00-05:00,143.45056554900077,145.17691489723245,142.37497789854984,144.53518676757812,735800,0.0,0.0,MAA,1d
2023-01-17 00:00:00-05:00,144.58940830546246,146.4513438298414,144.32728313453163,145.85479736328125,543700,0.0,0.0,MAA,1d
2023-01-18 00:00:00-05:00,146.00845195696442,146.38808246911884,142.44728163894138,142.53765869140625,805000,0.0,0.0,MAA,1d
2023-01-19 00:00:00-05:00,142.04958969813939,144.1917176323362,140.1605395877419,140.33226013183594,827800,0.0,0.0,MAA,1d
2023-01-20 00:00:00-05:00,140.26901723352748,140.7842065214387,137.982269138991,140.5130615234375,1151700,0.0,0.0,MAA,1d
2023-01-23 00:00:00-05:00,140.6305505688882,142.17614598830963,139.36516129522232,142.1038360595703,855500,0.0,0.0,MAA,1d
2023-01-24 00:00:00-05:00,142.79074918187007,146.5959778753217,141.00112340038942,145.73731994628906,940500,0.0,0.0,MAA,1d
2023-01-25 00:00:00-05:00,145.041323152911,146.93037301847107,144.2097798693875,146.84902954101562,1337500,0.0,0.0,MAA,1d
2023-01-26 00:00:00-05:00,147.67154075606328,148.7290473488306,146.5688387447937,146.9213409423828,572400,0.0,0.0,MAA,1d
2023-01-27 00:00:00-05:00,146.89423464432178,149.94021569576483,146.60499498313592,149.09059143066406,426800,0.0,0.0,MAA,1d
2023-01-30 00:00:00-05:00,147.70770607583822,148.93694712753066,146.12596278536597,146.19827270507812,602100,0.0,0.0,MAA,1d
2023-01-31 00:00:00-05:00,146.1259527734579,150.98868765519703,145.50229182641482,150.69041442871094,913600,0.0,0.0,MAA,1d
2023-02-01 00:00:00-05:00,149.569629253409,153.40197192937285,149.13578356290364,152.2450408935547,1301500,0.0,0.0,MAA,1d
2023-02-02 00:00:00-05:00,152.83255599406115,158.06587448902155,152.32640033681406,157.36990356445312,1123800,0.0,0.0,MAA,1d
2023-02-03 00:00:00-05:00,155.79719203000244,156.51124387466865,151.2779254394313,156.4118194580078,1190100,0.0,0.0,MAA,1d
2023-02-06 00:00:00-05:00,154.8481515657927,157.53258313663898,154.43237298591333,156.11354064941406,1047700,0.0,0.0,MAA,1d
2023-02-07 00:00:00-05:00,154.96563868887088,158.2104685826846,153.8448694730167,156.75526428222656,876200,0.0,0.0,MAA,1d
2023-02-08 00:00:00-05:00,156.04124612661101,158.03876815394653,155.44469958903122,157.82183837890625,584400,0.0,0.0,MAA,1d
2023-02-09 00:00:00-05:00,158.6443277084512,159.4035611351742,154.56794068811206,155.04698181152344,532100,0.0,0.0,MAA,1d
2023-02-10 00:00:00-05:00,154.45949532684693,155.39046315530783,153.06756726416114,154.89334106445312,621400,0.0,0.0,MAA,1d
2023-02-13 00:00:00-05:00,155.00179719526847,156.75526089699676,155.00179719526847,155.65257263183594,543600,0.0,0.0,MAA,1d
2023-02-14 00:00:00-05:00,155.30007790331132,156.58354791180483,153.85390713198274,154.44140625,443100,0.0,0.0,MAA,1d
2023-02-15 00:00:00-05:00,153.65509619522936,154.2968382535736,152.60662281706328,153.9443359375,607900,0.0,0.0,MAA,1d
2023-02-16 00:00:00-05:00,152.1817876669423,153.5014196569973,150.85312210819185,151.8473663330078,917400,0.0,0.0,MAA,1d
2023-02-17 00:00:00-05:00,152.01909060595054,152.4077409097179,149.20810625666198,152.1546630859375,2145600,0.0,0.0,MAA,1d
2023-02-21 00:00:00-05:00,151.2779139002733,151.6123489808264,148.04211761323918,149.072509765625,421000,0.0,0.0,MAA,1d
2023-02-22 00:00:00-05:00,149.64195481111543,150.58196999580576,147.93367257247434,148.94598388671875,412400,0.0,0.0,MAA,1d
2023-02-23 00:00:00-05:00,150.6813887396366,150.6813887396366,148.3765600811586,149.47021484375,779100,0.0,0.0,MAA,1d
2023-02-24 00:00:00-05:00,147.96983597362333,148.30425729520428,146.52366511671414,148.15963745117188,294900,0.0,0.0,MAA,1d
2023-02-27 00:00:00-05:00,149.84982943307804,149.9763683407873,145.5384592114582,145.9451904296875,442100,0.0,0.0,MAA,1d
2023-02-28 00:00:00-05:00,145.9903791249418,147.1111483153776,144.64363283289532,144.7069091796875,898500,0.0,0.0,MAA,1d
2023-03-01 00:00:00-05:00,143.7036489683882,143.9115313770464,139.51880354783614,140.6215057373047,820000,0.0,0.0,MAA,1d
2023-03-02 00:00:00-05:00,139.70860916553073,142.19420570431674,139.44648398899392,141.77842712402344,710800,0.0,0.0,MAA,1d
2023-03-03 00:00:00-05:00,142.8721077563101,144.57134270094636,142.7003734106105,144.1374969482422,468800,0.0,0.0,MAA,1d
2023-03-06 00:00:00-05:00,144.71598302444588,146.0356151899205,143.73078602907037,144.44482421875,502000,0.0,0.0,MAA,1d
2023-03-07 00:00:00-05:00,144.27305270621338,144.32728169504955,136.99704500876484,137.30435180664062,942300,0.0,0.0,MAA,1d
2023-03-08 00:00:00-05:00,137.00608254479027,142.02247103303205,137.00608254479027,140.92880249023438,838700,0.0,0.0,MAA,1d
2023-03-09 00:00:00-05:00,141.13669751322072,141.2090074374693,137.6387894019068,138.20822143554688,1047100,0.0,0.0,MAA,1d
2023-03-10 00:00:00-05:00,138.30762834416623,138.75955496971352,133.48104150162467,134.71932983398438,1213300,0.0,0.0,MAA,1d
2023-03-13 00:00:00-04:00,134.1047115737554,138.99456130480854,133.93297723769257,136.93377685546875,661200,0.0,0.0,MAA,1d
2023-03-14 00:00:00-04:00,138.1359165796937,138.8680356259746,135.8401212236163,136.84339904785156,994000,0.0,0.0,MAA,1d
2023-03-15 00:00:00-04:00,135.78589896989257,137.5574577876946,134.42108523507642,136.32821655273438,760100,0.0,0.0,MAA,1d
2023-03-16 00:00:00-04:00,135.3972556043416,135.98475485634864,132.86646307317724,135.0628204345703,823900,0.0,0.0,MAA,1d
2023-03-17 00:00:00-04:00,134.5928206871136,134.92724205060858,131.25759924653033,131.32086181640625,1025300,0.0,0.0,MAA,1d
2023-03-20 00:00:00-04:00,131.347965498748,133.05624764925975,130.40795036255255,132.46873474121094,525900,0.0,0.0,MAA,1d
2023-03-21 00:00:00-04:00,132.9026148690568,133.02012023943522,129.07028478950392,130.95933532714844,1032600,0.0,0.0,MAA,1d
2023-03-22 00:00:00-04:00,129.9831505475192,130.81469399044803,127.14505152580483,127.21736145019531,726800,0.0,0.0,MAA,1d
2023-03-23 00:00:00-04:00,127.44332824489054,129.0793006773892,126.07851458827582,126.53044128417969,778900,0.0,0.0,MAA,1d
2023-03-24 00:00:00-04:00,125.65368029741857,129.64870993176774,125.34635971654109,129.55831909179688,810800,0.0,0.0,MAA,1d
2023-03-27 00:00:00-04:00,130.5073812430696,130.87796441689153,129.29622109574194,129.42276000976562,946600,0.0,0.0,MAA,1d
2023-03-28 00:00:00-04:00,128.03985704373096,130.23621386132976,127.51562049415075,129.76622009277344,883400,0.0,0.0,MAA,1d
2023-03-29 00:00:00-04:00,131.09489191266587,132.7037636634081,130.9502858494321,132.64952087402344,779400,0.0,0.0,MAA,1d
2023-03-30 00:00:00-04:00,134.1589366574245,134.88202204476238,133.54432304279666,134.20413208007812,686200,0.0,0.0,MAA,1d
2023-03-31 00:00:00-04:00,134.52953073823576,136.63551072119293,134.11376591615948,136.51800537109375,773700,0.0,0.0,MAA,1d
2023-04-03 00:00:00-04:00,135.9395365200465,138.0274493158842,134.4933794542547,135.41531372070312,724100,0.0,0.0,MAA,1d
2023-04-04 00:00:00-04:00,135.7678047886012,135.7678047886012,133.77028300776956,134.81875610351562,807300,0.0,0.0,MAA,1d
2023-04-05 00:00:00-04:00,134.71029995019185,135.76782052786163,134.03240992393108,134.84588623046875,827100,0.0,0.0,MAA,1d
2023-04-06 00:00:00-04:00,135.12607993814433,135.84011803802778,134.01434414548197,135.81300354003906,390100,0.0,0.0,MAA,1d
2023-04-10 00:00:00-04:00,134.87298065104017,135.52375608271296,133.49911987398585,135.46047973632812,599200,0.0,0.0,MAA,1d
2023-04-11 00:00:00-04:00,135.2526195876778,136.72590501430383,134.83684096343143,135.79493713378906,512000,0.0,0.0,MAA,1d
2023-04-12 00:00:00-04:00,136.1203213035507,137.17782807796567,134.59280692104875,134.80972290039062,701600,0.0,0.0,MAA,1d
2023-04-13 00:00:00-04:00,134.59076600704495,135.12910317542222,132.647325252113,134.50865173339844,863500,1.4,0.0,MAA,1d
2023-04-14 00:00:00-04:00,134.94657279332154,135.5214004017534,132.70203303900624,134.18014526367188,1198300,0.0,0.0,MAA,1d
2023-04-17 00:00:00-04:00,134.51774406571465,137.08164967358744,134.33526329766136,137.03602600097656,602600,0.0,0.0,MAA,1d
2023-04-18 00:00:00-04:00,136.81705929063503,137.09990660785581,135.75865120096398,136.12362670898438,600300,0.0,0.0,MAA,1d
2023-04-19 00:00:00-04:00,135.03782159052759,137.60171313773841,134.58161273380284,137.39186096191406,509200,0.0,0.0,MAA,1d
2023-04-20 00:00:00-04:00,136.82617887778284,137.27325468770115,135.58529011774885,136.287841796875,553100,0.0,0.0,MAA,1d
2023-04-21 00:00:00-04:00,136.771426600428,137.08165924240316,134.77324325553707,136.98129272460938,407100,0.0,0.0,MAA,1d
2023-04-24 00:00:00-04:00,137.6473381789275,137.72033326741726,136.17834508874628,136.8444061279297,771700,0.0,0.0,MAA,1d
2023-04-25 00:00:00-04:00,136.5706756836288,136.84440378017183,134.89183044433594,134.89183044433594,793200,0.0,0.0,MAA,1d
2023-04-26 00:00:00-04:00,134.75499593876668,136.33347493791968,134.01593969992604,134.49038696289062,688500,0.0,0.0,MAA,1d
2023-04-27 00:00:00-04:00,136.2604651857116,138.5232712587623,135.87725139649905,138.0670623779297,898200,0.0,0.0,MAA,1d
2023-04-28 00:00:00-04:00,138.66924229673168,141.06890537469442,138.09442859575785,140.32984924316406,627900,0.0,0.0,MAA,1d
2023-05-01 00:00:00-04:00,140.44846680132872,141.46125112725784,139.59992492083208,140.9685516357422,664200,0.0,0.0,MAA,1d
2023-05-02 00:00:00-04:00,140.32987602985736,141.17841799547188,136.25136689651563,137.045166015625,751000,0.0,0.0,MAA,1d
2023-05-03 00:00:00-04:00,138.24043686748922,138.9156311541257,136.34260588448296,136.47947692871094,550300,0.0,0.0,MAA,1d
2023-05-04 00:00:00-04:00,135.99587828623407,138.34991792266757,135.421050606875,136.36083984375,385100,0.0,0.0,MAA,1d
2023-05-05 00:00:00-04:00,136.9174300663592,139.2623507901274,136.9174300663592,139.04336547851562,323800,0.0,0.0,MAA,1d
2023-05-08 00:00:00-04:00,138.30428610375927,138.9338565874363,137.83895805696721,138.64187622070312,369700,0.0,0.0,MAA,1d
2023-05-09 00:00:00-04:00,137.59262084960938,138.3955391270599,136.1327466539668,137.59262084960938,504000,0.0,0.0,MAA,1d
2023-05-10 00:00:00-04:00,138.8061226356278,139.39918862926476,137.23676292543612,138.57801818847656,605200,0.0,0.0,MAA,1d
2023-05-11 00:00:00-04:00,137.33714045949495,139.82803732399532,137.2641453598623,139.7185516357422,593900,0.0,0.0,MAA,1d
2023-05-12 00:00:00-04:00,139.98313619051814,140.32985940716964,138.90648987707075,139.9557647705078,553900,0.0,0.0,MAA,1d
2023-05-15 00:00:00-04:00,137.5469798208826,138.99772074428637,136.43382901965205,138.94297790527344,491100,0.0,0.0,MAA,1d
2023-05-16 00:00:00-04:00,139.23498920308097,139.23498920308097,135.44844623574178,135.50318908691406,524300,0.0,0.0,MAA,1d
2023-05-17 00:00:00-04:00,136.05973235554637,137.3371255771068,134.88271956719595,135.95936584472656,582200,0.0,0.0,MAA,1d
2023-05-18 00:00:00-04:00,135.51228993175755,136.5798170427781,134.62724358868755,135.38455200195312,413600,0.0,0.0,MAA,1d
2023-05-19 00:00:00-04:00,136.2969693337927,137.53785804328527,134.90097127591233,135.20205688476562,457400,0.0,0.0,MAA,1d
2023-05-22 00:00:00-04:00,135.0378260838021,135.67651571999073,133.92467532256333,134.32614135742188,433600,0.0,0.0,MAA,1d
2023-05-23 00:00:00-04:00,134.3352483736962,135.89548870035586,132.8023933854728,133.41371154785156,706100,0.0,0.0,MAA,1d
2023-05-24 00:00:00-04:00,133.51408174905032,133.60531516427565,131.807865130296,132.18194580078125,683900,0.0,0.0,MAA,1d
2023-05-25 00:00:00-04:00,132.7111669982636,132.91190002922366,131.13268809334195,131.8626251220703,879100,0.0,0.0,MAA,1d
2023-05-26 00:00:00-04:00,131.83525833711457,133.6235895018676,131.1418118703647,133.176513671875,576700,0.0,0.0,MAA,1d
2023-05-30 00:00:00-04:00,133.95206175292032,134.89185102057382,133.3407434667451,134.2349090576172,753000,0.0,0.0,MAA,1d
2023-05-31 00:00:00-04:00,134.37175910727893,135.20204863653808,133.48671282099684,134.18014526367188,871000,0.0,0.0,MAA,1d
2023-06-01 00:00:00-04:00,134.39913714002833,134.57249873982767,132.46480204596156,134.0524139404297,737100,0.0,0.0,MAA,1d
2023-06-02 00:00:00-04:00,135.38456271900552,137.79334524484702,135.1290868391732,137.46487426757812,604000,0.0,0.0,MAA,1d
2023-06-05 00:00:00-04:00,137.23677327163256,139.4083183049981,136.1966174711019,137.1728973388672,575000,0.0,0.0,MAA,1d
2023-06-06 00:00:00-04:00,137.90283885622162,138.08531964910605,136.38822182273574,137.86634826660156,421700,0.0,0.0,MAA,1d
2023-06-07 00:00:00-04:00,137.87545412600966,141.91745829172467,137.7659684453247,141.37913513183594,518500,0.0,0.0,MAA,1d
2023-06-08 00:00:00-04:00,140.74043683703903,140.74043683703903,138.23128804415828,139.64553833007812,390500,0.0,0.0,MAA,1d
2023-06-09 00:00:00-04:00,140.43933048753428,141.0597817621792,139.70939354422993,140.75868225097656,496000,0.0,0.0,MAA,1d
2023-06-12 00:00:00-04:00,140.4849952077917,140.4849952077917,138.2313217200821,139.3535919189453,543500,0.0,0.0,MAA,1d
2023-06-13 00:00:00-04:00,138.52328360913037,140.31161478489858,138.03057017736364,140.22036743164062,513500,0.0,0.0,MAA,1d
2023-06-14 00:00:00-04:00,140.8316822493276,141.5251147123375,139.11633246109457,139.96487426757812,388400,0.0,0.0,MAA,1d
2023-06-15 00:00:00-04:00,139.78238841239738,141.35174796521346,138.68748996034617,140.6674346923828,549300,0.0,0.0,MAA,1d
2023-06-16 00:00:00-04:00,141.6346187289365,142.7660218731738,140.74957230207173,141.68936157226562,1198300,0.0,0.0,MAA,1d
2023-06-20 00:00:00-04:00,141.32440315782128,141.3700268357449,139.10723441912987,140.15650939941406,643700,0.0,0.0,MAA,1d
2023-06-21 00:00:00-04:00,139.48133743110822,139.75506561995599,137.86636756945506,138.42294311523438,535400,0.0,0.0,MAA,1d
2023-06-22 00:00:00-04:00,138.8517314989829,138.8517314989829,134.2440328339137,136.03236389160156,470200,0.0,0.0,MAA,1d
2023-06-23 00:00:00-04:00,135.8589983581601,135.8589983581601,132.53779828178034,132.884521484375,824300,0.0,0.0,MAA,1d
2023-06-26 00:00:00-04:00,132.8024151358821,136.73493367253556,132.74767229482097,136.5889434814453,638500,0.0,0.0,MAA,1d
2023-06-27 00:00:00-04:00,136.93566105138655,138.7057537587035,135.88637225893444,138.1856689453125,738500,0.0,0.0,MAA,1d
2023-06-28 00:00:00-04:00,138.10355608920923,138.21304176792296,135.6308977732638,137.10902404785156,664100,0.0,0.0,MAA,1d
2023-06-29 00:00:00-04:00,136.41555716496902,138.95207710563676,136.13270992244964,138.75135803222656,421100,0.0,0.0,MAA,1d
2023-06-30 00:00:00-04:00,140.19299042483283,140.4119757104927,136.698442477017,138.5597686767578,821000,0.0,0.0,MAA,1d
2023-07-03 00:00:00-04:00,138.0123248374104,141.34265848471432,138.0123248374104,140.27513122558594,201800,0.0,0.0,MAA,1d
2023-07-05 00:00:00-04:00,139.60903517905038,141.59811311744897,138.57801258682878,140.17474365234375,503400,0.0,0.0,MAA,1d
2023-07-06 00:00:00-04:00,138.1491768302191,140.7769305203009,135.92287526102922,140.29335021972656,575800,0.0,0.0,MAA,1d
2023-07-07 00:00:00-04:00,139.92839701325428,140.75870056834282,139.40831217466334,139.75503540039062,472800,0.0,0.0,MAA,1d
2023-07-10 00:00:00-04:00,138.8426111233142,140.40285164410415,138.43202590912435,139.9283905029297,537000,0.0,0.0,MAA,1d
2023-07-11 00:00:00-04:00,140.44845985451323,142.11818603480302,139.92838896821422,142.03607177734375,577200,0.0,0.0,MAA,1d
2023-07-12 00:00:00-04:00,143.66018494800676,144.58173586919654,142.83901446768263,143.49595642089844,1089900,0.0,0.0,MAA,1d
2023-07-13 00:00:00-04:00,142.92517510178652,143.68008454074763,142.24391639204893,143.3670654296875,721600,1.4,0.0,MAA,1d
2023-07-14 00:00:00-04:00,143.13688483680315,143.9838469899869,141.99533387041694,143.78131103515625,577800,0.0,0.0,MAA,1d
2023-07-17 00:00:00-04:00,143.4315150062297,143.4315150062297,141.05633166798492,141.30490112304688,575500,0.0,0.0,MAA,1d
2023-07-18 00:00:00-04:00,141.6455252755225,141.6455252755225,139.25192571234103,139.64779663085938,558400,0.0,0.0,MAA,1d
2023-07-19 00:00:00-04:00,140.71570050405836,141.01949042763772,139.32556590508432,140.78013610839844,672900,0.0,0.0,MAA,1d
2023-07-20 00:00:00-04:00,140.84458510915448,141.56266211099253,139.33478038125924,141.43377685546875,569100,0.0,0.0,MAA,1d
2023-07-21 00:00:00-04:00,141.47059645941354,142.74104688054098,141.40616085479488,142.4832763671875,386000,0.0,0.0,MAA,1d
2023-07-24 00:00:00-04:00,142.7594465935503,143.87338031607035,142.05057073994075,142.4740447998047,372200,0.0,0.0,MAA,1d
2023-07-25 00:00:00-04:00,141.97692135489086,143.04483568119798,139.24269994133863,139.7766571044922,514000,0.0,0.0,MAA,1d
2023-07-26 00:00:00-04:00,140.04364291024152,141.74678255301444,140.02524076468112,140.78013610839844,754900,0.0,0.0,MAA,1d
2023-07-27 00:00:00-04:00,140.78014546233274,141.12076779454375,136.0389938892324,137.5856170654297,954500,0.0,0.0,MAA,1d
2023-07-28 00:00:00-04:00,139.2058914465606,139.35317884366694,136.58213889942414,136.93197631835938,469800,0.0,0.0,MAA,1d
2023-07-31 00:00:00-04:00,137.09770242431063,138.8192444419263,136.82151568228812,137.77896118164062,550800,0.0,0.0,MAA,1d
2023-08-01 00:00:00-04:00,137.171314733232,138.19319555924955,135.2196199852277,136.25990295410156,597400,0.0,0.0,MAA,1d
2023-08-02 00:00:00-04:00,135.77200157818748,136.14025520738753,134.49235006752644,135.05392456054688,653300,0.0,0.0,MAA,1d
2023-08-03 00:00:00-04:00,134.6488475558705,134.6488475558705,131.32543418163365,134.25299072265625,658100,0.0,0.0,MAA,1d
2023-08-04 00:00:00-04:00,134.18856168969094,136.5821613916916,133.43366624509892,133.68223571777344,622200,0.0,0.0,MAA,1d
2023-08-07 00:00:00-04:00,134.17932271502775,135.36690710912885,133.52568141149553,135.22882080078125,452600,0.0,0.0,MAA,1d
2023-08-08 00:00:00-04:00,134.22537955798686,134.71330332909363,133.06539817597175,134.041259765625,297100,0.0,0.0,MAA,1d
2023-08-09 00:00:00-04:00,134.01363410279077,134.84218014022807,133.05618876659238,134.2069549560547,332300,0.0,0.0,MAA,1d
2023-08-10 00:00:00-04:00,134.65805588258533,135.68913785888395,132.30128905250942,132.74317932128906,430100,0.0,0.0,MAA,1d
2023-08-11 00:00:00-04:00,132.60509763906936,133.42444269227693,132.22765696434524,132.8168487548828,670200,0.0,0.0,MAA,1d
2023-08-14 00:00:00-04:00,132.81684094072008,132.91810893223447,130.32197353928694,131.2886199951172,710600,0.0,0.0,MAA,1d
2023-08-15 00:00:00-04:00,130.16546711923786,131.25179772727802,130.018165672819,130.52450561523438,524400,0.0,0.0,MAA,1d
2023-08-16 00:00:00-04:00,130.5797360688065,131.49114793669793,129.48420442235965,131.1044921875,634800,0.0,0.0,MAA,1d
2023-08-17 00:00:00-04:00,131.1413000840209,133.57171749080618,130.8098788900303,132.24603271484375,764100,0.0,0.0,MAA,1d
2023-08-18 00:00:00-04:00,131.24258891513193,132.9181113419389,131.17815330887615,132.36573791503906,562100,0.0,0.0,MAA,1d
2023-08-21 00:00:00-04:00,132.0711327947119,132.40255400055884,130.5705292727608,130.97560119628906,444900,0.0,0.0,MAA,1d
2023-08-22 00:00:00-04:00,131.55559264316975,131.75812862783036,130.13785479798509,130.28515625,431700,0.0,0.0,MAA,1d
2023-08-23 00:00:00-04:00,130.99400921419772,132.18160777483635,130.50608547918765,132.144775390625,408900,0.0,0.0,MAA,1d
2023-08-24 00:00:00-04:00,132.21844176424153,134.4923571218536,131.80416870117188,131.80416870117188,344400,0.0,0.0,MAA,1d
2023-08-25 00:00:00-04:00,131.98829158838228,133.88475226840663,131.98829158838228,133.24032592773438,309100,0.0,0.0,MAA,1d
2023-08-28 00:00:00-04:00,133.75587354385826,135.33012815428228,133.59016992562488,133.70985412597656,420500,0.0,0.0,MAA,1d
2023-08-29 00:00:00-04:00,133.78349834803092,134.5015754203002,132.90890469179462,134.26220703125,296300,0.0,0.0,MAA,1d
2023-08-30 00:00:00-04:00,134.67647139011507,135.4497969965106,134.1148968907077,134.73171997070312,351100,0.0,0.0,MAA,1d
2023-08-31 00:00:00-04:00,134.67645472450732,134.99867485791881,133.28633430501708,133.7006072998047,862600,0.0,0.0,MAA,1d
2023-09-01 00:00:00-04:00,134.31743847523174,134.5752090056269,131.96988643395008,132.8168487548828,555900,0.0,0.0,MAA,1d
2023-09-05 00:00:00-04:00,132.5682578692378,133.01936324823168,130.59814682113415,130.65338134765625,520500,0.0,0.0,MAA,1d
2023-09-06 00:00:00-04:00,130.35883679555914,130.88357902316747,129.13441953454924,129.9261474609375,475200,0.0,0.0,MAA,1d
2023-09-07 00:00:00-04:00,129.34613070190434,130.81911716873122,128.53598674040555,129.02391052246094,731000,0.0,0.0,MAA,1d
2023-09-08 00:00:00-04:00,129.30008037802597,129.30008037802597,126.49220819351578,126.9525146484375,649700,0.0,0.0,MAA,1d
2023-09-11 00:00:00-04:00,127.04459328182404,127.32077998975069,125.47033887984979,125.84779357910156,531900,0.0,0.0,MAA,1d
2023-09-12 00:00:00-04:00,125.36906583685206,127.50489464148737,124.74305576838657,127.42204284667969,492000,0.0,0.0,MAA,1d
2023-09-13 00:00:00-04:00,127.58776008664731,127.58776008664731,125.2678252991936,125.69129943847656,655600,0.0,0.0,MAA,1d
2023-09-14 00:00:00-04:00,126.86968919408352,127.93760376256932,126.30811464060746,127.0169906616211,559300,0.0,0.0,MAA,1d
2023-09-15 00:00:00-04:00,126.55667764564934,127.67982669522229,126.31732330870969,127.04460144042969,970400,0.0,0.0,MAA,1d
2023-09-18 00:00:00-04:00,127.05377448334576,127.05377448334576,124.77065854661699,124.89034271240234,380700,0.0,0.0,MAA,1d
2023-09-19 00:00:00-04:00,124.90876704943727,126.2620693043833,124.80751310339676,125.55320739746094,588500,0.0,0.0,MAA,1d
2023-09-20 00:00:00-04:00,126.73158823497894,127.09062674105174,125.68208998280927,125.84779357910156,305200,0.0,0.0,MAA,1d
2023-09-21 00:00:00-04:00,125.06528477529349,125.06528477529349,121.5577373583253,121.6866226196289,584700,0.0,0.0,MAA,1d
2023-09-22 00:00:00-04:00,121.82471903659085,122.05487228481668,119.79015814140112,119.8730239868164,697800,0.0,0.0,MAA,1d
2023-09-25 00:00:00-04:00,119.43111468579666,120.22284238877498,118.92477475119908,120.12157440185547,704200,0.0,0.0,MAA,1d
2023-09-26 00:00:00-04:00,118.86034787385896,120.22285121361197,118.86034787385896,120.13079833984375,1094000,0.0,0.0,MAA,1d
2023-09-27 00:00:00-04:00,120.64633100794758,121.29075726934055,117.77401604919724,117.90290832519531,963100,0.0,0.0,MAA,1d
2023-09-28 00:00:00-04:00,118.53812451884247,119.55080443522053,117.84766477061366,118.70384216308594,674400,0.0,0.0,MAA,1d
2023-09-29 00:00:00-04:00,120.60029757308742,121.3828242068502,117.9213104922541,118.43685150146484,767700,0.0,0.0,MAA,1d
2023-10-02 00:00:00-04:00,117.91212308763633,118.68543469109157,116.42072739333229,117.19404602050781,685200,0.0,0.0,MAA,1d
2023-10-03 00:00:00-04:00,116.66927743396815,117.20322758492803,115.79469095329341,116.08928680419922,789900,0.0,0.0,MAA,1d
2023-10-04 00:00:00-04:00,116.87182639039133,117.78323838648438,115.61979205368603,117.72799682617188,628800,0.0,0.0,MAA,1d
2023-10-05 00:00:00-04:00,117.58989248204753,118.33557968304069,116.82578206547699,118.16987609863281,392000,0.0,0.0,MAA,1d
2023-10-06 00:00:00-04:00,117.21244300792424,120.82125118676466,116.64166043823612,119.97428894042969,652300,0.0,0.0,MAA,1d
2023-10-09 00:00:00-04:00,119.88223169069359,123.57388493935356,119.56001150637871,122.92945861816406,726100,0.0,0.0,MAA,1d
2023-10-10 00:00:00-04:00,122.56121128599864,124.00656636893315,121.84313428092096,121.9075698852539,653000,0.0,0.0,MAA,1d
2023-10-11 00:00:00-04:00,122.7637451948788,123.81324341900694,121.58536171682049,123.38055419921875,780300,0.0,0.0,MAA,1d
2023-10-12 00:00:00-04:00,122.98979846992196,123.4735747342929,121.91992312321051,122.54324340820312,601300,1.4,0.0,MAA,1d
2023-10-13 00:00:00-04:00,123.25030924371639,123.39916568598007,121.82690322943276,122.26416015625,526700,0.0,0.0,MAA,1d
2023-10-16 00:00:00-04:00,122.7851239960746,123.95735054795233,121.55709403188057,123.45496368408203,552300,0.0,0.0,MAA,1d
2023-10-17 00:00:00-04:00,122.38509912683169,124.84117346739843,122.38509912683169,124.52486419677734,568100,0.0,0.0,MAA,1d
2023-10-18 00:00:00-04:00,123.90153638102778,124.14343164463119,122.46883218624056,122.75723266601562,782200,0.0,0.0,MAA,1d
2023-10-19 00:00:00-04:00,121.98504665998972,124.44112094858917,121.64082859016942,121.7803726196289,678500,0.0,0.0,MAA,1d
2023-10-20 00:00:00-04:00,122.18043307239198,122.74793583419849,119.62202154216669,119.66854095458984,827400,0.0,0.0,MAA,1d
2023-10-23 00:00:00-04:00,118.7289055007937,120.09648680805806,117.97533217882174,118.49632263183594,647600,0.0,0.0,MAA,1d
2023-10-24 00:00:00-04:00,118.9335582022968,120.79422093085236,118.5521260338327,120.7384033203125,797100,0.0,0.0,MAA,1d
2023-10-25 00:00:00-04:00,119.8266758330951,120.38486610289644,118.27301714756973,118.50559997558594,782700,0.0,0.0,MAA,1d
2023-10-26 00:00:00-04:00,118.14277858028336,118.17999268679297,112.44915514375144,113.32366180419922,1655300,0.0,0.0,MAA,1d
2023-10-27 00:00:00-04:00,113.80744608278745,113.80744608278745,109.1092694995436,109.37906646728516,1625100,0.0,0.0,MAA,1d
2023-10-30 00:00:00-04:00,110.42104120317322,111.06296507207477,107.72307859982402,109.32324981689453,1310200,0.0,0.0,MAA,1d
2023-10-31 00:00:00-04:00,109.08135572304995,110.17914704963577,107.67655333358537,109.91865539550781,1209000,0.0,0.0,MAA,1d
2023-11-01 00:00:00-04:00,109.51862780313678,109.77911949339472,107.5091083105192,109.38838195800781,836500,0.0,0.0,MAA,1d
2023-11-02 00:00:00-04:00,111.57465241687304,113.19342717183156,110.74665798429928,112.36543273925781,768400,0.0,0.0,MAA,1d
2023-11-03 00:00:00-04:00,114.62613075979166,117.7148307189604,114.52379373812535,115.60298156738281,1021600,0.0,0.0,MAA,1d
2023-11-06 00:00:00-05:00,114.75638426009868,115.33319232097605,112.44916621232072,113.27716064453125,826300,0.0,0.0,MAA,1d
2023-11-07 00:00:00-05:00,113.42600521457877,113.42600521457877,110.42103869770564,111.25833129882812,764600,0.0,0.0,MAA,1d
2023-11-08 00:00:00-05:00,111.97468273525602,112.98874050776318,111.62115937470458,112.52357482910156,536700,0.0,0.0,MAA,1d
2023-11-09 00:00:00-05:00,112.97014500865131,113.02596262272911,111.24903329521969,111.43509674072266,819100,0.0,0.0,MAA,1d
2023-11-10 00:00:00-05:00,112.45845181101784,114.46797094789953,111.33275172147141,114.1702651977539,1836600,0.0,0.0,MAA,1d
2023-11-13 00:00:00-05:00,113.16551355219705,113.75161979255589,110.44894750469433,111.25833129882812,964600,0.0,0.0,MAA,1d
2023-11-14 00:00:00-05:00,114.62613468268154,117.6590171330514,114.28190949821744,115.50064849853516,1383400,0.0,0.0,MAA,1d
2023-11-15 00:00:00-05:00,115.50064647383495,116.70077484970282,114.14236346106634,114.57962036132812,1192000,0.0,0.0,MAA,1d
2023-11-16 00:00:00-05:00,115.04477845572373,115.67739696146569,113.29575097041149,113.31436157226562,719500,0.0,0.0,MAA,1d
2023-11-17 00:00:00-05:00,114.68195775577591,114.68195775577591,112.43986259278446,112.96084594726562,1775900,0.0,0.0,MAA,1d
2023-11-20 00:00:00-05:00,112.96084401689825,114.19818656051216,111.93748083185581,114.01212310791016,979800,0.0,0.0,MAA,1d
2023-11-21 00:00:00-05:00,113.65858241868511,114.36563625132636,112.5607911118994,113.09107971191406,727700,0.0,0.0,MAA,1d
2023-11-22 00:00:00-05:00,114.58891458560335,114.61682339139716,113.06317168737662,113.77022552490234,1062700,0.0,0.0,MAA,1d
2023-11-24 00:00:00-05:00,113.6213765777303,114.25400224288144,112.92362799548417,114.1237564086914,247100,0.0,0.0,MAA,1d
2023-11-27 00:00:00-05:00,113.86327092238085,114.44937720805791,113.28646284117531,113.70511627197266,640000,0.0,0.0,MAA,1d
2023-11-28 00:00:00-05:00,113.42599811425362,115.90068294769857,113.05386414934682,115.3517837524414,1212400,0.0,0.0,MAA,1d
2023-11-29 00:00:00-05:00,116.3658556874964,117.64971049153837,115.13781849732331,115.23085021972656,630800,0.0,0.0,MAA,1d
2023-11-30 00:00:00-05:00,115.15641909834356,116.02162758081708,114.44936524975337,115.80765533447266,1137300,0.0,0.0,MAA,1d
2023-12-01 00:00:00-05:00,116.00303143757928,119.11963329552721,115.51925510599803,117.95672607421875,1013800,0.0,0.0,MAA,1d
2023-12-04 00:00:00-05:00,117.03568684566623,118.1613869291203,116.56121586904844,117.99392700195312,888500,0.0,0.0,MAA,1d
2023-12-05 00:00:00-05:00,117.39852269184891,117.77995487838517,115.88207795359365,117.6404037475586,738000,0.0,0.0,MAA,1d
2023-12-06 00:00:00-05:00,117.8915933386607,119.84529491046845,117.8915933386607,118.27302551269531,1073700,0.0,0.0,MAA,1d
2023-12-07 00:00:00-05:00,118.36606897041038,118.85914348435576,117.51946397637936,118.31954956054688,637300,0.0,0.0,MAA,1d
2023-12-08 00:00:00-05:00,117.86368453298317,119.09171456998472,117.71482810554959,118.27302551269531,633600,0.0,0.0,MAA,1d
2023-12-11 00:00:00-05:00,117.64970445980046,118.24511597009389,116.84031361087108,117.62179565429688,1013100,0.0,0.0,MAA,1d
2023-12-12 00:00:00-05:00,117.17522518937207,119.08240720643344,116.39375029905486,118.7381820678711,1433300,0.0,0.0,MAA,1d
2023-12-13 00:00:00-05:00,119.51967204100447,125.39006070463536,119.15684337513642,124.30157470703125,1511900,0.0,0.0,MAA,1d
2023-12-14 00:00:00-05:00,126.57157759911334,130.14404642351118,126.57157759911334,128.8043670654297,1241800,0.0,0.0,MAA,1d
2023-12-15 00:00:00-05:00,127.98569157817701,128.0042879843888,124.26436615070804,125.14817810058594,1552900,0.0,0.0,MAA,1d
2023-12-18 00:00:00-05:00,125.79942745676131,126.21807379558037,124.85979774556898,125.99478912353516,802100,0.0,0.0,MAA,1d
2023-12-19 00:00:00-05:00,126.22735093382214,126.91580124426535,124.83185390683467,125.3807601928711,819000,0.0,0.0,MAA,1d
2023-12-20 00:00:00-05:00,125.12957884912265,125.68778339216959,122.67350441203232,122.92469787597656,1207900,0.0,0.0,MAA,1d
2023-12-21 00:00:00-05:00,123.87362406729734,124.55277623125247,121.82689776306918,122.83165740966797,1513800,0.0,0.0,MAA,1d
2023-12-22 00:00:00-05:00,123.7340831521505,125.02724330297906,123.51079849314196,123.84571838378906,817200,0.0,0.0,MAA,1d
2023-12-26 00:00:00-05:00,124.03179392481539,125.13887640980664,123.86432688446968,124.72023010253906,335400,0.0,0.0,MAA,1d
2023-12-27 00:00:00-05:00,124.66441172260382,125.56683434610503,124.13411599311645,124.95281219482422,632700,0.0,0.0,MAA,1d
2023-12-28 00:00:00-05:00,124.66441045929345,127.12978304754681,124.62720344856153,127.03675842285156,575100,0.0,0.0,MAA,1d
2023-12-29 00:00:00-05:00,126.42274390783912,126.80418322058429,125.04585729596369,125.09237670898438,614200,0.0,0.0,MAA,1d
2024-01-02 00:00:00-05:00,124.2271498262721,126.70183473971589,124.13411100863898,126.37621307373047,647400,0.0,0.0,MAA,1d
2024-01-03 00:00:00-05:00,125.40866664588607,125.45518605172589,122.84094307911616,122.98979949951172,724900,0.0,0.0,MAA,1d
2024-01-04 00:00:00-05:00,122.48743288183786,124.58997668990139,122.21762883206401,122.95259857177734,784200,0.0,0.0,MAA,1d
2024-01-05 00:00:00-05:00,122.06878618503984,123.6689430929197,121.32451824452092,122.59906768798828,779700,0.0,0.0,MAA,1d
2024-01-08 00:00:00-05:00,122.18042971827582,124.62720594810155,121.8734186395891,124.18994903564453,773400,0.0,0.0,MAA,1d
2024-01-09 00:00:00-05:00,123.10144912969939,124.02246806659531,122.17111779418133,123.16656494140625,720300,0.0,0.0,MAA,1d
2024-01-10 00:00:00-05:00,123.65965492887752,123.96666601160602,122.73862168069196,123.34334564208984,811100,0.0,0.0,MAA,1d
2024-01-11 00:00:00-05:00,122.49665253713583,126.19384109758612,121.64995794310175,126.00569152832031,1432900,1.47,0.0,MAA,1d
2024-01-12 00:00:00-05:00,127.34157805726394,128.16945342642873,125.864574442267,126.09036254882812,683700,0.0,0.0,MAA,1d
2024-01-16 00:00:00-05:00,126.48550194972599,128.21650132247677,125.93045557828336,127.44508361816406,1653200,0.0,0.0,MAA,1d
2024-01-17 00:00:00-05:00,125.99628570002918,127.78374265106501,123.50327139147873,125.12138366699219,1446000,0.0,0.0,MAA,1d
2024-01-18 00:00:00-05:00,124.82033952105571,125.80814284223028,123.63498414858263,123.67262268066406,1225100,0.0,0.0,MAA,1d
2024-01-19 00:00:00-05:00,124.06772938567819,127.94366523906055,123.93602324565721,127.22869110107422,1528700,0.0,0.0,MAA,1d
2024-01-22 00:00:00-05:00,127.63322828319015,129.2042997094909,127.63322828319015,127.85901641845703,1183700,0.0,0.0,MAA,1d
2024-01-23 00:00:00-05:00,128.32938729941554,128.8091708990879,126.57015205749698,127.57677459716797,1599100,0.0,0.0,MAA,1d
2024-01-24 00:00:00-05:00,128.1224195958748,129.16666632031647,125.98688516113685,126.11859130859375,1431000,0.0,0.0,MAA,1d
2024-01-25 00:00:00-05:00,126.73008003652342,127.57676025959037,123.62556196045841,124.16178894042969,1475400,0.0,0.0,MAA,1d
2024-01-26 00:00:00-05:00,124.53812224158531,124.53812224158531,122.10153688928868,123.08934020996094,1129200,0.0,0.0,MAA,1d
2024-01-29 00:00:00-05:00,123.2022250024698,123.92660156667615,122.43079310202096,123.14576721191406,810300,0.0,0.0,MAA,1d
2024-01-30 00:00:00-05:00,122.62836062978242,123.43741670995072,121.71582013163123,122.27086639404297,713400,0.0,0.0,MAA,1d
2024-01-31 00:00:00-05:00,122.86355686116545,123.25867528765998,118.65834123438684,118.8935317993164,2167400,0.0,0.0,MAA,1d
2024-02-01 00:00:00-05:00,118.6395306298476,120.55867934750268,117.54824294976282,120.3423080444336,1793700,0.0,0.0,MAA,1d
2024-02-02 00:00:00-05:00,119.44859558801727,121.3771612580922,118.50783324699478,120.4175796508789,1198500,0.0,0.0,MAA,1d
2024-02-05 00:00:00-05:00,118.9405712602698,119.28865587578915,117.44475555419922,117.44475555419922,944200,0.0,0.0,MAA,1d
2024-02-06 00:00:00-05:00,117.15311933407212,118.58308194280475,116.8991166900906,118.14092254638672,994700,0.0,0.0,MAA,1d
2024-02-07 00:00:00-05:00,118.15033436183965,118.47019727760099,116.43814725496694,117.7646255493164,1030700,0.0,0.0,MAA,1d
2024-02-08 00:00:00-05:00,117.72698607675454,118.54545180899964,114.80121493771583,117.10608673095703,1437000,0.0,0.0,MAA,1d
2024-02-09 00:00:00-05:00,116.66393131401743,117.54824296868217,116.06184403437256,117.14371490478516,1076200,0.0,0.0,MAA,1d
2024-02-12 00:00:00-05:00,117.37889198861475,118.96878234180444,117.0402242129852,118.03742980957031,729400,0.0,0.0,MAA,1d
2024-02-13 00:00:00-05:00,115.61027238185484,116.18413792881636,114.31202306013418,116.04302215576172,1032600,0.0,0.0,MAA,1d
2024-02-14 00:00:00-05:00,116.40050929086782,118.28203367675307,116.12768739362095,117.67993927001953,820200,0.0,0.0,MAA,1d
2024-02-15 00:00:00-05:00,118.83708522869247,121.90397212423458,118.83708522869247,121.8381118774414,775700,0.0,0.0,MAA,1d
2024-02-16 00:00:00-05:00,121.83810520891265,122.4119707150037,120.37992813105583,121.51824951171875,1027600,0.0,0.0,MAA,1d
2024-02-20 00:00:00-05:00,121.3583198509406,122.00744804460037,118.83707694988524,119.11930847167969,768000,0.0,0.0,MAA,1d
2024-02-21 00:00:00-05:00,119.354511193378,120.37993861747421,118.95938558705663,120.10711669921875,420100,0.0,0.0,MAA,1d
2024-02-22 00:00:00-05:00,120.85973267132208,120.85973267132208,119.01583944228373,119.09109497070312,611200,0.0,0.0,MAA,1d
2024-02-23 00:00:00-05:00,118.95938604966923,119.9283772158399,118.30085533231684,118.83708953857422,465600,0.0,0.0,MAA,1d
2024-02-26 00:00:00-05:00,118.48900670221562,118.84650096341,115.93013932087707,116.3722915649414,775900,0.0,0.0,MAA,1d
2024-02-27 00:00:00-05:00,117.67054552755418,118.49841373475414,116.88030149470502,117.4917984008789,689500,0.0,0.0,MAA,1d
2024-02-28 00:00:00-05:00,116.60747629415972,119.74962589502042,116.43813880456308,118.37611389160156,667400,0.0,0.0,MAA,1d
2024-02-29 00:00:00-05:00,119.36391244646964,119.67436571350835,117.95276906259885,118.23500061035156,1478400,0.0,0.0,MAA,1d
2024-03-01 00:00:00-05:00,118.11269340633848,120.14473596284708,116.94614314687027,120.06947326660156,786700,0.0,0.0,MAA,1d
2024-03-04 00:00:00-05:00,119.72140057030789,121.88514934170789,117.57646388498702,121.64055633544922,1089600,0.0,0.0,MAA,1d
2024-03-05 00:00:00-05:00,121.19841130310846,122.32732321515094,120.72803014351628,121.27367401123047,667700,0.0,0.0,MAA,1d
2024-03-06 00:00:00-05:00,122.23323304263724,122.9388047347002,121.56529987955763,122.2520523071289,579000,0.0,0.0,MAA,1d
2024-03-07 00:00:00-05:00,122.74125663713959,124.92381767672549,122.66599393165134,124.82975006103516,819500,0.0,0.0,MAA,1d
2024-03-08 00:00:00-05:00,126.01507499736553,127.11576488437906,124.89556584979309,126.918212890625,676900,0.0,0.0,MAA,1d
2024-03-11 00:00:00-04:00,127.01230984387053,127.9907106506434,126.66423239496315,126.97468566894531,574900,0.0,0.0,MAA,1d
2024-03-12 00:00:00-04:00,126.71128031604559,126.86180573377251,123.24926748279567,124.51930236816406,816200,0.0,0.0,MAA,1d
2024-03-13 00:00:00-04:00,124.19944332043785,125.53532406874531,123.90780930315226,124.13358306884766,616700,0.0,0.0,MAA,1d
2024-03-14 00:00:00-04:00,123.57853567192777,123.89839140712202,120.85973321298978,122.55310821533203,616800,0.0,0.0,MAA,1d
2024-03-15 00:00:00-04:00,121.04788616546469,123.2774882734972,121.04788616546469,122.61895751953125,1167800,0.0,0.0,MAA,1d
2024-03-18 00:00:00-04:00,122.51546968910831,123.08933526339752,121.71583035109445,122.10153198242188,546000,0.0,0.0,MAA,1d
2024-03-19 00:00:00-04:00,122.3743480835412,122.91057507030233,121.02905067975875,122.67538452148438,557700,0.0,0.0,MAA,1d
2024-03-20 00:00:00-04:00,122.44018888170551,124.2934914777235,121.87574020094688,123.51265716552734,815100,0.0,0.0,MAA,1d
2024-03-21 00:00:00-04:00,123.97365370225971,125.98688443312085,123.86076682077568,125.06494140625,656000,0.0,0.0,MAA,1d
2024-03-22 00:00:00-04:00,125.17782380573894,125.27190577353595,122.61894931450324,123.09874725341797,485800,0.0,0.0,MAA,1d
2024-03-25 00:00:00-04:00,123.37156356788473,123.85134715803433,122.24265171436664,122.2990951538086,311500,0.0,0.0,MAA,1d
2024-03-26 00:00:00-04:00,122.43079865565177,122.59072651558404,121.10432043781665,121.19840240478516,549800,0.0,0.0,MAA,1d
2024-03-27 00:00:00-04:00,122.4496095526092,124.23705196372661,122.4496095526092,123.05169677734375,693800,0.0,0.0,MAA,1d
2024-03-28 00:00:00-04:00,123.7102368695617,124.50047372074052,123.50326802450637,123.7854995727539,741900,0.0,0.0,MAA,1d
2024-04-01 00:00:00-04:00,123.65379703915184,123.83254417008762,121.07610321044922,121.07610321044922,577500,0.0,0.0,MAA,1d
2024-04-02 00:00:00-04:00,120.02243489669168,120.48341351056712,119.14752582411089,119.90013122558594,598700,0.0,0.0,MAA,1d
2024-04-03 00:00:00-04:00,119.34510328681527,121.04788071500353,118.83709079486731,120.84091186523438,758100,0.0,0.0,MAA,1d
2024-04-04 00:00:00-04:00,122.14856069954753,122.50605492939604,119.05345937524919,119.3168716430664,637600,0.0,0.0,MAA,1d
2024-04-05 00:00:00-04:00,118.84650848810755,120.0789048603883,117.96218958909549,119.57089233398438,668600,0.0,0.0,MAA,1d
2024-04-08 00:00:00-04:00,121.2266356168921,125.5353288534911,120.68099173750856,124.85797882080078,1128600,0.0,0.0,MAA,1d
2024-04-09 00:00:00-04:00,125.50709456757546,128.31056203868417,125.3847908821433,127.36039733886719,1096700,0.0,0.0,MAA,1d
2024-04-10 00:00:00-04:00,125.06493073656091,125.92102779449415,123.55030300132985,125.07433319091797,801400,0.0,0.0,MAA,1d
2024-04-11 00:00:00-04:00,126.02451397427485,126.02451397427485,123.2022272993393,124.17121124267578,647800,0.0,0.0,MAA,1d
2024-04-12 00:00:00-04:00,123.40060777385825,123.8667637340419,121.39323528357004,121.8974609375,572700,1.47,0.0,MAA,1d
2024-04-15 00:00:00-04:00,122.77271972275176,123.15325701358925,119.80448094954768,120.47042846679688,406700,0.0,0.0,MAA,1d
2024-04-16 00:00:00-04:00,119.95668829002808,120.08988504496133,117.71149080723424,117.76856994628906,579200,0.0,0.0,MAA,1d
2024-04-17 00:00:00-04:00,117.81612904153835,120.66069366875598,117.81612904153835,118.72943878173828,1375900,0.0,0.0,MAA,1d
2024-04-18 00:00:00-04:00,118.86263118959248,119.58565780242228,117.97786825442158,118.55819702148438,1016600,0.0,0.0,MAA,1d
2024-04-19 00:00:00-04:00,119.08144270242956,120.22307630828475,119.08144270242956,119.94718170166016,564700,0.0,0.0,MAA,1d
2024-04-22 00:00:00-04:00,120.10891182043204,121.97357933380495,119.4429643215727,121.26956939697266,486300,0.0,0.0,MAA,1d
2024-04-23 00:00:00-04:00,121.24103357456386,122.48730990021825,120.98416291828964,121.2885971069336,708000,0.0,0.0,MAA,1d
2024-04-24 00:00:00-04:00,120.2230796097385,122.58244998667007,119.86155902506246,122.15432739257812,495000,0.0,0.0,MAA,1d
2024-04-25 00:00:00-04:00,121.36470027092102,122.0687029294799,120.53701646731206,121.0126953125,863200,0.0,0.0,MAA,1d
2024-04-26 00:00:00-04:00,121.30763280916698,123.46721178055574,121.30763280916698,122.94396209716797,874700,0.0,0.0,MAA,1d
2024-04-29 00:00:00-04:00,123.73359655448469,125.26528323534878,123.73359655448469,124.75155639648438,942200,0.0,0.0,MAA,1d
2024-04-30 00:00:00-04:00,123.35304028582759,125.40797635882089,123.35304028582759,123.67649841308594,1025700,0.0,0.0,MAA,1d
2024-05-01 00:00:00-04:00,123.4957371416353,125.57921276701128,122.9820103857866,124.2663345336914,943500,0.0,0.0,MAA,1d
2024-05-02 00:00:00-04:00,123.60039587649122,125.31284271232667,121.05075684218262,125.2747802734375,1451600,0.0,0.0,MAA,1d
2024-05-03 00:00:00-04:00,126.6352285446767,127.99566313625081,126.04539139493879,126.53057861328125,1071000,0.0,0.0,MAA,1d
2024-05-06 00:00:00-04:00,128.03371798072007,130.36454138729607,127.28213728621344,130.16476440429688,1078600,0.0,0.0,MAA,1d
2024-05-07 00:00:00-04:00,131.36347999740175,131.47763828221792,129.31805212285292,129.56541442871094,648100,0.0,0.0,MAA,1d
2024-05-08 00:00:00-04:00,129.24194833965885,129.3085358295229,126.43543153338078,126.52106475830078,676500,0.0,0.0,MAA,1d
2024-05-09 00:00:00-04:00,127.09188076164264,129.82228742746597,127.03480161820512,129.70811462402344,612100,0.0,0.0,MAA,1d
2024-05-10 00:00:00-04:00,130.18378756646885,130.27892914556742,128.64259269772668,128.88043212890625,334200,0.0,0.0,MAA,1d
2024-05-13 00:00:00-04:00,129.28950458666378,130.22184557711563,128.7282070321405,129.4512481689453,316800,0.0,0.0,MAA,1d
2024-05-14 00:00:00-04:00,130.33600181829618,130.64995159386103,129.17534429041382,130.16476440429688,537800,0.0,0.0,MAA,1d
2024-05-15 00:00:00-04:00,131.9533094371362,132.19114886096543,130.44065418555832,131.011474609375,571100,0.0,0.0,MAA,1d
2024-05-16 00:00:00-04:00,130.9163381234491,131.46812735017528,130.20281982421875,130.20281982421875,456400,0.0,0.0,MAA,1d
2024-05-17 00:00:00-04:00,130.69751920867026,131.2112459547648,129.7556699048369,131.04000854492188,455300,0.0,0.0,MAA,1d
2024-05-20 00:00:00-04:00,131.04001927395046,131.25882748774237,129.59395145620485,130.20281982421875,422300,0.0,0.0,MAA,1d
2024-05-21 00:00:00-04:00,130.2218416022894,130.54529972384674,129.58443370984438,129.86032104492188,365100,0.0,0.0,MAA,1d
2024-05-22 00:00:00-04:00,129.74617941722767,131.06856615826152,129.1563277190178,129.38465881347656,534200,0.0,0.0,MAA,1d
2024-05-23 00:00:00-04:00,129.11825674145365,129.2419378767738,126.36883381322612,126.45445251464844,588800,0.0,0.0,MAA,1d
2024-05-24 00:00:00-04:00,126.72084045410156,127.23458173212492,126.18808247434862,126.72084045410156,351100,0.0,0.0,MAA,1d
2024-05-28 00:00:00-04:00,127.4248612464723,127.79589019380938,123.81920719124797,123.97142791748047,551900,0.0,0.0,MAA,1d
2024-05-29 00:00:00-04:00,122.38264913095122,122.60145732870139,120.60360768898367,122.51583862304688,790600,0.0,0.0,MAA,1d
2024-05-30 00:00:00-04:00,123.38158300499558,124.24732199996649,122.96298329241331,123.5433120727539,489900,0.0,0.0,MAA,1d
2024-05-31 00:00:00-04:00,124.36146733334131,127.32969841674836,123.63844077923486,127.2060317993164,1523500,0.0,0.0,MAA,1d
2024-06-03 00:00:00-04:00,128.0242166699401,128.7757828892091,126.71133835748594,127.19652557373047,475000,0.0,0.0,MAA,1d
2024-06-04 00:00:00-04:00,127.4724090850829,130.55479839514973,127.4724090850829,129.83177185058594,684600,0.0,0.0,MAA,1d
2024-06-05 00:00:00-04:00,129.44172068307316,130.21231806374936,128.44279223841053,130.09815979003906,538100,0.0,0.0,MAA,1d
2024-06-06 00:00:00-04:00,129.27049610765877,130.4406620790716,128.49989865047064,130.421630859375,443200,0.0,0.0,MAA,1d
2024-06-07 00:00:00-04:00,129.20389806200106,130.27893700105616,129.09924812530926,130.01255798339844,505300,0.0,0.0,MAA,1d
2024-06-10 00:00:00-04:00,130.03156821942798,132.5717061458236,129.9269328045084,131.76304626464844,878800,0.0,0.0,MAA,1d
2024-06-11 00:00:00-04:00,130.95438086402982,131.8962302077122,130.11719596398964,130.30746459960938,739200,0.0,0.0,MAA,1d
2024-06-12 00:00:00-04:00,132.8571036793539,133.1900846977251,130.27893231198271,130.6594696044922,527500,0.0,0.0,MAA,1d
2024-06-13 00:00:00-04:00,131.6203568691615,132.87614161113197,131.1161383986608,131.48716735839844,454900,0.0,0.0,MAA,1d
2024-06-14 00:00:00-04:00,131.0590368480745,132.66683374901447,130.1933123385097,132.5431671142578,495800,0.0,0.0,MAA,1d
2024-06-17 00:00:00-04:00,131.88672023148186,133.38034424508558,130.8973001119456,132.58120727539062,427000,0.0,0.0,MAA,1d
2024-06-18 00:00:00-04:00,132.98077550833733,134.60760353037477,132.98077550833733,134.3792724609375,411900,0.0,0.0,MAA,1d
2024-06-20 00:00:00-04:00,133.5135321947491,134.0843526045338,132.50509538515334,133.37083435058594,462400,0.0,0.0,MAA,1d
2024-06-21 00:00:00-04:00,134.2936469191299,134.2936469191299,132.72389811519798,134.10337829589844,1175000,0.0,0.0,MAA,1d
2024-06-24 00:00:00-04:00,134.3602384906869,136.8432825682652,134.06531993822486,136.3485870361328,487700,0.0,0.0,MAA,1d
2024-06-25 00:00:00-04:00,136.377138193278,136.42469446714907,134.05582297893957,134.25559997558594,463300,0.0,0.0,MAA,1d
2024-06-26 00:00:00-04:00,133.0949443939449,133.70381277774513,132.26726779067963,132.37191772460938,545600,0.0,0.0,MAA,1d
2024-06-27 00:00:00-04:00,132.37191660365087,133.80846157855137,131.56325671044453,133.7038116455078,457600,0.0,0.0,MAA,1d
2024-06-28 00:00:00-04:00,134.50296027947095,135.69215743990887,133.52306298059545,135.67312622070312,844900,0.0,0.0,MAA,1d
2024-07-01 00:00:00-04:00,135.245024172725,135.5114031872075,132.8095506022751,134.31268310546875,422500,0.0,0.0,MAA,1d
2024-07-02 00:00:00-04:00,134.91202898140406,135.34013702997595,133.1710427017501,134.15093994140625,518400,0.0,0.0,MAA,1d
2024-07-03 00:00:00-04:00,133.71332712201027,134.274624678867,132.05795950443817,132.64779663085938,311800,0.0,0.0,MAA,1d
2024-07-05 00:00:00-04:00,132.9902814519511,133.39937279605053,131.83914680788598,132.04844665527344,489700,0.0,0.0,MAA,1d
2024-07-08 00:00:00-04:00,132.27677614228512,132.88564452608537,131.42055996763602,132.37191772460938,666300,0.0,0.0,MAA,1d
2024-07-09 00:00:00-04:00,132.73342866624662,133.1139659347394,130.82119042316978,132.34336853027344,754300,0.0,0.0,MAA,1d
2024-07-10 00:00:00-04:00,132.93321981596452,133.36132791777706,132.08651196426672,133.20912170410156,478100,0.0,0.0,MAA,1d
2024-07-11 00:00:00-04:00,135.29257533680197,136.53885151301841,133.79893688547574,134.10337829589844,648100,0.0,0.0,MAA,1d
2024-07-12 00:00:00-04:00,134.96910074308923,135.26401928228697,132.94271888617095,133.79893493652344,957400,0.0,0.0,MAA,1d
2024-07-15 00:00:00-04:00,134.12582215572039,136.23130484185336,134.0008492800817,134.54884338378906,945000,1.47,0.0,MAA,1d
2024-07-16 00:00:00-04:00,134.9430151534134,137.4907364769724,134.40462986767255,137.1254119873047,663000,0.0,0.0,MAA,1d
2024-07-17 00:00:00-04:00,137.13502485756285,139.00015584581556,137.13502485756285,138.71173095703125,639900,0.0,0.0,MAA,1d
2024-07-18 00:00:00-04:00,137.94261657033792,142.23049651424589,137.94261657033792,139.20205688476562,617600,0.0,0.0,MAA,1d
2024-07-19 00:00:00-04:00,139.8846329868268,139.8846329868268,137.26960637183177,138.1540985107422,442100,0.0,0.0,MAA,1d
2024-07-22 00:00:00-04:00,138.26950650318634,139.85582155103535,137.6445834010786,139.43280029296875,497600,0.0,0.0,MAA,1d
2024-07-23 00:00:00-04:00,139.14435081921425,140.10575726519494,137.94259276173838,138.16372680664062,577900,0.0,0.0,MAA,1d
2024-07-24 00:00:00-04:00,138.16373005032648,139.05783102452833,137.2311646022394,137.87530517578125,472300,0.0,0.0,MAA,1d
2024-07-25 00:00:00-04:00,138.08682663217755,139.8462023683797,133.52975433169166,134.7122802734375,855300,0.0,0.0,MAA,1d
2024-07-26 00:00:00-04:00,135.15452851306057,137.87531068823054,134.72189851889485,137.00042724609375,496800,0.0,0.0,MAA,1d
2024-07-29 00:00:00-04:00,137.26964002743958,138.48100712275152,135.85637108129168,137.63497924804688,532700,0.0,0.0,MAA,1d
2024-07-30 00:00:00-04:00,137.95222761352656,138.39446640007563,134.88533845025626,135.85635375976562,621200,0.0,0.0,MAA,1d
2024-07-31 00:00:00-04:00,135.55833476255972,136.36591281058173,134.21237134918974,134.3758087158203,908300,0.0,0.0,MAA,1d
2024-08-01 00:00:00-04:00,136.0294182695916,141.66326124886893,136.0294182695916,140.75953674316406,835400,0.0,0.0,MAA,1d
2024-08-02 00:00:00-04:00,141.8651578797591,146.16264662596186,141.14410291791165,144.230224609375,1152100,0.0,0.0,MAA,1d
2024-08-05 00:00:00-04:00,143.24957960746008,143.24957960746008,140.17308150289062,140.86529541015625,938000,0.0,0.0,MAA,1d
2024-08-06 00:00:00-04:00,140.85565477772877,144.9320234378404,140.85565477772877,144.44171142578125,844100,0.0,0.0,MAA,1d
2024-08-07 00:00:00-04:00,144.78781230510322,148.23925782223844,144.03791647324368,145.08584594726562,1489500,0.0,0.0,MAA,1d
2024-08-08 00:00:00-04:00,145.2204607853527,147.47975735216986,144.81667179898412,147.16250610351562,754200,0.0,0.0,MAA,1d
2024-08-09 00:00:00-04:00,147.16250610351562,147.5374540672793,145.3165926374026,147.16250610351562,765200,0.0,0.0,MAA,1d
2024-08-12 00:00:00-04:00,148.68149983326558,148.68149983326558,145.64346663698964,146.37413024902344,678800,0.0,0.0,MAA,1d
2024-08-13 00:00:00-04:00,147.42207428548497,148.02776509579087,146.59526408010686,147.09519958496094,589500,0.0,0.0,MAA,1d
2024-08-14 00:00:00-04:00,147.09519442192894,147.95084561967886,146.201093418955,147.41246032714844,634900,0.0,0.0,MAA,1d
2024-08-15 00:00:00-04:00,147.41246942140825,148.77766497451827,146.1530291765624,147.43170166015625,638600,0.0,0.0,MAA,1d
2024-08-16 00:00:00-04:00,147.50860208445005,147.9989288208642,145.51849812516312,146.94137573242188,671700,0.0,0.0,MAA,1d
2024-08-19 00:00:00-04:00,147.3547795199789,147.99892011965045,145.9991928235556,146.75869750976562,517100,0.0,0.0,MAA,1d
2024-08-20 00:00:00-04:00,147.18170650304256,147.51820462071325,145.7107558421812,147.1913299560547,550600,0.0,0.0,MAA,1d
2024-08-21 00:00:00-04:00,147.5278295909368,147.70089039526684,146.52797325112815,147.09519958496094,852200,0.0,0.0,MAA,1d
2024-08-22 00:00:00-04:00,147.83549316405924,149.2295297640059,146.66257596881857,148.25851440429688,731300,0.0,0.0,MAA,1d
2024-08-23 00:00:00-04:00,148.86418757540963,151.11387539514695,148.52770408282834,150.58511352539062,858100,0.0,0.0,MAA,1d
2024-08-26 00:00:00-04:00,152.40216098191013,152.40216098191013,150.21976414089949,151.84454345703125,641100,0.0,0.0,MAA,1d
2024-08-27 00:00:00-04:00,151.0273472141703,154.44034330563352,150.53703516848435,154.12307739257812,742600,0.0,0.0,MAA,1d
2024-08-28 00:00:00-04:00,154.3057485985221,155.57481226406168,154.0942379875988,155.27676391601562,565900,0.0,0.0,MAA,1d
2024-08-29 00:00:00-04:00,154.60378276626247,155.77669991422422,153.59430296909545,154.88259887695312,517200,0.0,0.0,MAA,1d
2024-08-30 00:00:00-04:00,155.4498272484158,156.3343195130704,154.58455255241256,156.10357666015625,687500,0.0,0.0,MAA,1d
2024-09-03 00:00:00-04:00,155.70941329023046,158.51671869185523,155.6421077893152,157.2572784423828,660200,0.0,0.0,MAA,1d
2024-09-04 00:00:00-04:00,157.25726777812227,158.76666835027868,155.36329580517202,156.70925903320312,895800,0.0,0.0,MAA,1d
2024-09-05 00:00:00-04:00,157.68991091485756,158.07446767781394,153.71929705627727,154.9306640625,844900,0.0,0.0,MAA,1d
2024-09-06 00:00:00-04:00,155.0268046270487,155.0268046270487,151.90223337099968,153.37318420410156,1050400,0.0,0.0,MAA,1d
2024-09-09 00:00:00-04:00,153.7289081755608,155.27677337530284,152.87325689557298,154.1134796142578,833500,0.0,0.0,MAA,1d
2024-09-10 00:00:00-04:00,154.88258933201823,159.54540194411183,154.09422897922835,157.22840881347656,554200,0.0,0.0,MAA,1d
2024-09-11 00:00:00-04:00,155.75747243817784,158.4494137562956,154.82490689579527,158.34365844726562,542400,0.0,0.0,MAA,1d
2024-09-12 00:00:00-04:00,158.09368896484375,159.16085077850423,156.95922165388345,158.09368896484375,425700,0.0,0.0,MAA,1d
2024-09-13 00:00:00-04:00,158.82435100530017,159.88190402418718,157.67066613826825,159.7665252685547,675300,0.0,0.0,MAA,1d
2024-09-16 00:00:00-04:00,160.67026130941494,160.92984519092798,159.54541738272525,160.21839904785156,552600,0.0,0.0,MAA,1d
2024-09-17 00:00:00-04:00,159.497336078898,159.87228403555758,156.99768792446733,157.67066955566406,660100,0.0,0.0,MAA,1d
2024-09-18 00:00:00-04:00,157.84371040610887,159.9972662237736,156.68041676894578,157.59375,1120900,0.0,0.0,MAA,1d
2024-09-19 00:00:00-04:00,158.63207469729838,159.132010191795,156.41122799872008,158.16098022460938,753100,0.0,0.0,MAA,1d
2024-09-20 00:00:00-04:00,157.55530474708695,158.21867759119772,155.68055030246117,156.1901092529297,2367400,0.0,0.0,MAA,1d
2024-09-23 00:00:00-04:00,157.06497966831066,158.0744594559406,156.30547496651062,157.3437957763672,984600,0.0,0.0,MAA,1d
2024-09-24 00:00:00-04:00,156.3439165099911,157.39186071847175,155.94012755025943,156.60350036621094,512200,0.0,0.0,MAA,1d
2024-09-25 00:00:00-04:00,157.3341805871538,157.42071832827892,155.2287125045128,155.32484436035156,765700,0.0,0.0,MAA,1d
2024-09-26 00:00:00-04:00,155.05565037535004,155.940142659016,152.24834495243627,152.59445190429688,1073100,0.0,0.0,MAA,1d
2024-09-27 00:00:00-04:00,153.89232895489087,153.89232895489087,151.45995727503586,151.68109130859375,636100,0.0,0.0,MAA,1d
2024-09-30 00:00:00-04:00,151.5753519041987,153.36356857619805,150.9888933539758,152.76748657226562,815800,0.0,0.0,MAA,1d
2024-10-01 00:00:00-04:00,153.44048458068676,153.54623988338747,150.89274853195076,151.7195587158203,702100,0.0,0.0,MAA,1d
2024-10-02 00:00:00-04:00,150.35438071142784,151.21964080144693,149.54680267142322,150.9023895263672,579500,0.0,0.0,MAA,1d
2024-10-03 00:00:00-04:00,150.70047249139697,150.8446776018979,148.22004190148556,149.16221618652344,527600,0.0,0.0,MAA,1d
2024-10-04 00:00:00-04:00,148.32577427923763,148.87378295423466,146.7009951592042,148.65264892578125,515900,0.0,0.0,MAA,1d
2024-10-07 00:00:00-04:00,147.78741016570385,147.95084751232,146.63372528553762,147.61434936523438,480100,0.0,0.0,MAA,1d
2024-10-08 00:00:00-04:00,148.51807951047616,148.7103578862037,146.2876239462174,147.13365173339844,520700,0.0,0.0,MAA,1d
2024-10-09 00:00:00-04:00,147.1336370530222,147.6912545559251,146.28760935025423,147.3643798828125,425800,0.0,0.0,MAA,1d
2024-10-10 00:00:00-04:00,146.82600540507121,147.88355844861127,145.7203937712879,146.335693359375,383100,0.0,0.0,MAA,1d
2024-10-11 00:00:00-04:00,147.42207438388937,147.62397621075925,146.3260715220658,147.4893798828125,445000,0.0,0.0,MAA,1d
2024-10-14 00:00:00-04:00,146.95099499999935,148.33540809010765,146.13379357585876,147.55667114257812,457500,0.0,0.0,MAA,1d
2024-10-15 00:00:00-04:00,148.51767304771766,149.81841251174367,148.04202288023185,148.18763732910156,609100,1.47,0.0,MAA,1d
2024-10-16 00:00:00-04:00,148.33322104650443,150.44936268650255,148.33322104650443,149.4010009765625,503900,0.0,0.0,MAA,1d
2024-10-17 00:00:00-04:00,148.99333842981042,149.43015219749782,147.82848196695704,148.47886657714844,550400,0.0,0.0,MAA,1d
2024-10-18 00:00:00-04:00,149.19717040588247,150.2552339881532,148.47885907674228,150.06109619140625,406600,0.0,0.0,MAA,1d
2024-10-21 00:00:00-04:00,150.45908047923857,150.45908047923857,147.6343290263857,148.13909912109375,653800,0.0,0.0,MAA,1d
2024-10-22 00:00:00-04:00,148.13908328061083,150.42994446638457,147.84786922588933,149.4010009765625,444200,0.0,0.0,MAA,1d
2024-10-23 00:00:00-04:00,149.54660817221003,152.56549724180573,149.51748824643923,151.7598114013672,819300,0.0,0.0,MAA,1d
2024-10-24 00:00:00-04:00,152.0510351357961,153.2838330482515,151.2744691717668,151.49774169921875,486800,0.0,0.0,MAA,1d
2024-10-25 00:00:00-04:00,151.96367711377428,151.96367711377428,148.7506500269896,148.82830810546875,428300,0.0,0.0,MAA,1d
2024-10-28 00:00:00-04:00,149.81840537776506,151.03178500174934,148.7409236791965,149.28451538085938,315400,0.0,0.0,MAA,1d
2024-10-29 00:00:00-04:00,149.10979149844655,149.58544162948277,146.54713439941406,146.54713439941406,680400,0.0,0.0,MAA,1d
2024-10-30 00:00:00-04:00,146.5180227046388,148.19733600254932,146.49860448283403,147.69256591796875,690400,0.0,0.0,MAA,1d
2024-10-31 00:00:00-04:00,148.9059430471766,150.15815912646883,145.5958546561758,146.9062957763672,1752400,0.0,0.0,MAA,1d
2024-11-01 00:00:00-04:00,146.31417650727812,148.11968612925511,144.66398304481325,144.7998809814453,1027700,0.0,0.0,MAA,1d
2024-11-04 00:00:00-05:00,145.246412143035,147.74111316929023,145.21729221441535,147.72169494628906,661500,0.0,0.0,MAA,1d
2024-11-05 00:00:00-05:00,146.49859699664916,150.48818969726562,146.18797952246237,150.48818969726562,565300,0.0,0.0,MAA,1d
2024-11-06 00:00:00-05:00,153.0799706092135,153.0799706092135,145.12990493209537,149.0903778076172,1144900,0.0,0.0,MAA,1d
2024-11-07 00:00:00-05:00,149.789300425093,150.8182440792057,148.77005847670728,150.15817260742188,435200,0.0,0.0,MAA,1d
2024-11-08 00:00:00-05:00,151.11915687669602,155.7105964058592,150.69205965674604,154.47779846191406,549200,0.0,0.0,MAA,1d
2024-11-11 00:00:00-05:00,153.94389864435547,156.53567578662233,153.94389864435547,155.32229614257812,572100,0.0,0.0,MAA,1d
2024-11-12 00:00:00-05:00,154.85636265390528,156.17652030035205,154.29335272112147,155.07962036132812,1150900,0.0,0.0,MAA,1d
2024-11-13 00:00:00-05:00,156.39008456593726,157.67140583685065,155.83677630884543,156.61334228515625,663200,0.0,0.0,MAA,1d
2024-11-14 00:00:00-05:00,156.45802245189472,156.70069838805546,152.61404391769653,152.7596435546875,617600,0.0,0.0,MAA,1d
2024-11-15 00:00:00-05:00,152.31313377738033,153.8662509393696,151.3327134793898,153.45855712890625,553100,0.0,0.0,MAA,1d
2024-11-18 00:00:00-05:00,152.0995716787328,153.95361938046975,152.0995716787328,153.87596130371094,510000,0.0,0.0,MAA,1d
2024-11-19 00:00:00-05:00,153.34207459020328,153.67211031472277,151.95396050732052,153.4973907470703,450100,0.0,0.0,MAA,1d
2024-11-20 00:00:00-05:00,152.80817264213007,153.45854233505963,151.6918693266975,153.11880493164062,475200,0.0,0.0,MAA,1d
2024-11-21 00:00:00-05:00,152.89554391102413,154.7107700142908,152.6917044160044,153.8856658935547,565500,0.0,0.0,MAA,1d
2024-11-22 00:00:00-05:00,154.47779739003957,156.4968630093742,154.47779739003957,156.22506713867188,507100,0.0,0.0,MAA,1d
2024-11-25 00:00:00-05:00,156.75895326705603,158.5062081603702,156.37066288161446,157.23458862304688,1044600,0.0,0.0,MAA,1d
2024-11-26 00:00:00-05:00,157.19576043596996,158.87507369916372,156.75894673085475,158.38002014160156,520400,0.0,0.0,MAA,1d
2024-11-27 00:00:00-05:00,159.31189815965487,161.25330570169018,159.15659681323274,160.36026000976562,520900,0.0,0.0,MAA,1d
2024-11-29 00:00:00-05:00,160.3893838838147,161.0591718721771,159.19542236338336,159.35073852539062,578400,0.0,0.0,MAA,1d
2024-12-02 00:00:00-05:00,158.37030104113407,158.37030104113407,156.9725001699238,157.5452117919922,729600,0.0,0.0,MAA,1d
2024-12-03 00:00:00-05:00,158.0208448547932,158.23440084839467,156.1668120910899,156.27359008789062,782000,0.0,0.0,MAA,1d
2024-12-04 00:00:00-05:00,156.68130271387344,156.68130271387344,154.83695662092796,155.31260681152344,523500,0.0,0.0,MAA,1d
2024-12-05 00:00:00-05:00,154.04096957043538,155.07961480741128,153.68181394808335,154.5263214111328,495600,0.0,0.0,MAA,1d
2024-12-06 00:00:00-05:00,154.52633683324026,155.3029028182119,153.72065091986155,154.28366088867188,609500,0.0,0.0,MAA,1d
2024-12-09 00:00:00-05:00,153.72063838782614,154.79812008633886,153.11880683412528,154.48748779296875,650500,0.0,0.0,MAA,1d
2024-12-10 00:00:00-05:00,154.36130989201234,155.1572792412768,152.9537924586296,153.91477966308594,474700,0.0,0.0,MAA,1d
2024-12-11 00:00:00-05:00,154.516602289741,154.9534307884142,152.74022761708807,153.69151306152344,1095300,0.0,0.0,MAA,1d
2024-12-12 00:00:00-05:00,152.7111290290532,156.157115671975,152.623754430053,153.71095275878906,612700,0.0,0.0,MAA,1d
2024-12-13 00:00:00-05:00,153.37119192668172,154.1380413691391,151.84717993523205,152.61404418945312,387700,0.0,0.0,MAA,1d
2024-12-16 00:00:00-05:00,152.65285900178293,156.02120203613921,151.5850938155391,153.9050750732422,437900,0.0,0.0,MAA,1d
2024-12-17 00:00:00-05:00,152.82760109982542,154.24482028329737,150.26494378676338,151.49774169921875,767900,0.0,0.0,MAA,1d
2024-12-18 00:00:00-05:00,150.88618086586112,153.118802269675,146.28504013687584,146.45005798339844,633100,0.0,0.0,MAA,1d
2024-12-19 00:00:00-05:00,146.04238337329514,148.4691428670746,144.8775417786339,145.05226135253906,851900,0.0,0.0,MAA,1d
2024-12-20 00:00:00-05:00,145.6832161737514,149.92518669326222,145.6832161737514,148.90594482421875,2366500,0.0,0.0,MAA,1d
2024-12-23 00:00:00-05:00,148.44972229539175,149.0903903464378,147.17810271065034,148.8380126953125,495600,0.0,0.0,MAA,1d
2024-12-24 00:00:00-05:00,148.87682713678973,150.4202573327906,148.0226179217617,150.22610473632812,168000,0.0,0.0,MAA,1d
2024-12-26 00:00:00-05:00,150.09019456231505,150.88617866994122,149.2845087503626,150.67262268066406,277800,0.0,0.0,MAA,1d
2024-12-27 00:00:00-05:00,149.57573273161927,151.03178831231668,148.9836028696651,149.24569702148438,421800,0.0,0.0,MAA,1d
2024-12-30 00:00:00-05:00,148.67299782410305,149.0903933491896,146.67335036247115,148.55650329589844,410200,0.0,0.0,MAA,1d
2024-12-31 00:00:00-05:00,149.57573854332176,150.58527874641803,148.18763927876927,150.04168701171875,697500,0.0,0.0,MAA,1d
2025-01-02 00:00:00-05:00,149.69223423030732,150.48820361608816,147.66345210299224,148.00320434570312,505200,0.0,0.0,MAA,1d
2025-01-03 00:00:00-05:00,147.64404396559732,150.65321665596696,147.07131750521108,150.51731872558594,550800,0.0,0.0,MAA,1d
2025-01-06 00:00:00-05:00,149.97373368202608,150.39112919686644,145.01343678460307,145.38230895996094,618000,0.0,0.0,MAA,1d
2025-01-07 00:00:00-05:00,145.60556430196596,147.28487766295473,143.31470283114447,143.91653442382812,644700,0.0,0.0,MAA,1d
2025-01-08 00:00:00-05:00,143.87770610320837,145.10078745426205,142.5478467508256,144.9648895263672,672400,0.0,0.0,MAA,1d
2025-01-10 00:00:00-05:00,143.34381695303742,145.6055584043296,142.47018952731676,143.8485870361328,813900,0.0,0.0,MAA,1d
2025-01-13 00:00:00-05:00,144.24657793452522,145.8482331391349,143.85828756157275,145.7899932861328,738800,0.0,0.0,MAA,1d
2025-01-14 00:00:00-05:00,145.7997031721302,147.46931484010267,145.5084890790161,146.9354248046875,483900,0.0,0.0,MAA,1d
2025-01-15 00:00:00-05:00,149.56810642058744,150.51920942433597,146.41085439343567,146.54812622070312,592300,1.515,0.0,MAA,1d
2025-01-16 00:00:00-05:00,147.21486888890604,147.79337051326058,145.84215063425,147.69532775878906,396600,0.0,0.0,MAA,1d
2025-01-17 00:00:00-05:00,148.2051944066188,148.87195399782365,147.09721995297411,147.5874786376953,671600,0.0,0.0,MAA,1d
2025-01-21 00:00:00-05:00,147.47960922541253,149.81323020251205,146.44026329153115,147.57765197753906,675100,0.0,0.0,MAA,1d
2025-01-22 00:00:00-05:00,146.3912400939426,146.41085462972876,144.08701838804802,144.26351928710938,668500,0.0,0.0,MAA,1d
2025-01-23 00:00:00-05:00,144.08700798114725,145.00869659693473,141.5474718752688,144.03797912597656,756200,0.0,0.0,MAA,1d
2025-01-24 00:00:00-05:00,144.5282379396936,146.49908720493423,143.46929246648213,145.51856994628906,685800,0.0,0.0,MAA,1d
2025-01-27 00:00:00-05:00,146.67558808930005,151.46051758718167,146.2735723814928,150.6368865966797,818000,0.0,0.0,MAA,1d
2025-01-28 00:00:00-05:00,149.99953317349588,150.66629272107414,148.07772763357823,148.4601287841797,611200,0.0,0.0,MAA,1d
2025-01-29 00:00:00-05:00,149.30337522307678,149.30337522307678,145.2538339385809,145.6656494140625,503400,0.0,0.0,MAA,1d
2025-01-30 00:00:00-05:00,147.5384555822449,149.84267747570388,147.11682531681038,148.8817596435547,454700,0.0,0.0,MAA,1d
2025-01-31 00:00:00-05:00,148.5091557420744,151.13693490510528,148.5091557420744,149.60733032226562,934400,0.0,0.0,MAA,1d
2025-02-03 00:00:00-05:00,149.0484296679448,151.34285152501684,147.3325243897088,149.5190887451172,873700,0.0,0.0,MAA,1d
2025-02-04 00:00:00-05:00,148.8425352545296,151.84291592210093,147.5090310732193,151.61740112304688,871900,0.0,0.0,MAA,1d
2025-02-05 00:00:00-05:00,152.94107620933752,154.58835296655855,151.6075721531132,153.81373596191406,1118200,0.0,0.0,MAA,1d
2025-02-06 00:00:00-05:00,154.6275804337299,156.1767996153703,152.98031849568622,155.76498413085938,1591500,0.0,0.0,MAA,1d
2025-02-07 00:00:00-05:00,156.75530016711554,158.07900454221672,154.46089321434667,155.04920959472656,1390900,0.0,0.0,MAA,1d
2025-02-10 00:00:00-05:00,154.90212974356777,154.90212974356777,152.32337923728642,153.803955078125,867200,0.0,0.0,MAA,1d
2025-02-11 00:00:00-05:00,152.52928319205495,153.05877096247931,151.2546075894315,152.99012756347656,674400,0.0,0.0,MAA,1d
2025-02-12 00:00:00-05:00,150.0289440724263,153.23523977677468,149.88187246459185,152.78421020507812,691900,0.0,0.0,MAA,1d
2025-02-13 00:00:00-05:00,153.029337649326,154.31381288035092,152.6273219774996,153.93141174316406,605900,0.0,0.0,MAA,1d
2025-02-14 00:00:00-05:00,154.9217404894009,155.8336144386061,153.89219428498632,153.94122314453125,688400,0.0,0.0,MAA,1d
2025-02-18 00:00:00-05:00,153.94122334893044,154.93154048242104,153.3431071693055,154.4903106689453,524600,0.0,0.0,MAA,1d
2025-02-19 00:00:00-05:00,154.07850020668158,154.93154553800426,153.49018379517832,154.39227294921875,719700,0.0,0.0,MAA,1d
2025-02-20 00:00:00-05:00,154.05888932568288,157.5201145558255,153.52941651197196,156.9612274169922,849600,0.0,0.0,MAA,1d
2025-02-21 00:00:00-05:00,156.89257359521,158.0495918320277,155.66692692483508,157.5397186279297,1041300,0.0,0.0,MAA,1d
2025-02-24 00:00:00-05:00,158.00057004930875,160.7166073817252,156.6964801382425,159.67726135253906,762900,0.0,0.0,MAA,1d
2025-02-25 00:00:00-05:00,159.82432744886796,162.29523535079645,159.6772558315241,161.5108184814453,1030000,0.0,0.0,MAA,1d
2025-02-26 00:00:00-05:00,161.44216884997294,162.39327183607986,160.1184794604836,161.0205535888672,632200,0.0,0.0,MAA,1d
2025-02-27 00:00:00-05:00,160.73620811021527,164.4621771740633,160.70679378551844,163.64834594726562,813200,0.0,0.0,MAA,1d
2025-02-28 00:00:00-05:00,164.80535986322533,165.75646290049465,162.65802444839068,164.84457397460938,1005500,0.0,0.0,MAA,1d
2025-03-03 00:00:00-05:00,164.72690293626349,167.9331986290661,164.34450179576456,167.5900115966797,882100,0.0,0.0,MAA,1d
2025-03-04 00:00:00-05:00,169.2176770709147,170.00209390155433,164.8151490170985,164.8739776611328,924500,0.0,0.0,MAA,1d
2025-03-05 00:00:00-05:00,162.86393550107613,167.295863087698,162.6678200646621,166.7173614501953,1121300,0.0,0.0,MAA,1d
2025-03-06 00:00:00-05:00,165.31522247467134,165.5505370508944,162.21678422134383,163.5208740234375,606800,0.0,0.0,MAA,1d
2025-03-07 00:00:00-05:00,164.31509832354777,165.0602861189388,162.667821405437,163.11886596679688,918300,0.0,0.0,MAA,1d
2025-03-10 00:00:00-04:00,164.5406173096017,168.2175574436099,163.25614194996277,164.07977294921875,948600,0.0,0.0,MAA,1d
2025-03-11 00:00:00-04:00,164.57002015746284,164.61904901479878,160.4616502737203,161.7853546142578,898500,0.0,0.0,MAA,1d
2025-03-12 00:00:00-04:00,161.32450846605144,162.07951096828904,158.41237091892714,158.6182861328125,855100,0.0,0.0,MAA,1d
2025-03-13 00:00:00-04:00,158.54963811861484,159.58898402148117,155.58847180103837,158.5888671875,1191200,0.0,0.0,MAA,1d
2025-03-14 00:00:00-04:00,159.03990581935744,160.41263904001204,158.08880282498123,160.12828063964844,1081100,0.0,0.0,MAA,1d
2025-03-17 00:00:00-04:00,159.3242740825651,161.76575277758036,159.3242740825651,161.28530883789062,662400,0.0,0.0,MAA,1d
2025-03-18 00:00:00-04:00,161.23626943166207,161.98145720380677,158.41237478099686,159.15757751464844,626600,0.0,0.0,MAA,1d
2025-03-19 00:00:00-04:00,159.15758163095882,159.78511212939134,156.8925740104453,158.6378936767578,753200,0.0,0.0,MAA,1d
2025-03-20 00:00:00-04:00,158.97127994070192,159.8635393427268,157.3926464365711,159.4027099609375,687000,0.0,0.0,MAA,1d
2025-03-21 00:00:00-04:00,158.69673835479796,159.45172593855253,156.46116000396418,158.12803649902344,1539100,0.0,0.0,MAA,1d
2025-03-24 00:00:00-04:00,158.87323082437064,160.9127087822171,158.06921434799818,160.5205078125,472200,0.0,0.0,MAA,1d
2025-03-25 00:00:00-04:00,160.54991475713027,161.6088752804986,158.54965100359877,159.86354064941406,605900,0.0,0.0,MAA,1d
2025-03-26 00:00:00-04:00,160.61854561132952,161.38334795170235,159.4713421007703,161.29510498046875,501000,0.0,0.0,MAA,1d
2025-03-27 00:00:00-04:00,161.78535773065195,163.56009168525011,160.80484041107223,162.03048706054688,717000,0.0,0.0,MAA,1d
2025-03-28 00:00:00-04:00,163.20710367629556,163.20710367629556,160.66756742763596,162.66781616210938,527500,0.0,0.0,MAA,1d
2025-03-31 00:00:00-04:00,164.2758649229652,166.1192422690295,163.05021827510478,164.31509399414062,976100,0.0,0.0,MAA,1d
2025-04-01 00:00:00-04:00,164.1484125813484,165.7270461077989,161.55984738484332,164.217041015625,588100,0.0,0.0,MAA,1d
2025-04-02 00:00:00-04:00,164.2562693172215,165.42308734801537,163.4032090558765,164.72691345214844,511400,0.0,0.0,MAA,1d
2025-04-03 00:00:00-04:00,163.00120961455417,165.1681445791369,159.94198530939707,160.4518585205078,1011500,0.0,0.0,MAA,1d
2025-04-04 00:00:00-04:00,159.55956527828874,160.9322983826088,149.72497861950262,150.0975799560547,1386500,0.0,0.0,MAA,1d
2025-04-07 00:00:00-04:00,147.00895591237693,153.19603282422023,143.31241635541502,147.77377319335938,1861600,0.0,0.0,MAA,1d
2025-04-08 00:00:00-04:00,151.35265779695195,151.35265779695195,145.84215511213154,147.04818725585938,2130600,0.0,0.0,MAA,1d
2025-04-09 00:00:00-04:00,144.11642522527575,155.64731798144325,143.79285272839286,154.774658203125,2457800,0.0,0.0,MAA,1d
2025-04-10 00:00:00-04:00,153.3038986656652,154.46090199494188,147.55806620848392,151.85272216796875,1545000,0.0,0.0,MAA,1d
2025-04-11 00:00:00-04:00,149.715189781755,152.5684987317335,147.0873956228363,151.2938232421875,1588600,0.0,0.0,MAA,1d
2025-04-14 00:00:00-04:00,153.55881951246363,155.8924555434594,152.06842898297418,155.34335327148438,1064300,0.0,0.0,MAA,1d
2025-04-15 00:00:00-04:00,155.94230135077262,156.61548329520414,153.17034281955617,153.33863830566406,1545000,1.515,0.0,MAA,1d
2025-04-16 00:00:00-04:00,153.4574416491143,154.7543336083889,151.52697552754023,152.2793731689453,1642300,0.0,0.0,MAA,1d
2025-04-17 00:00:00-04:00,152.9327490054656,156.36799525359743,152.52686697986843,155.5067138671875,895700,0.0,0.0,MAA,1d
2025-04-21 00:00:00-04:00,154.3484272059252,156.0412915855508,151.75465854903004,153.26934814453125,577400,0.0,0.0,MAA,1d
2025-04-22 00:00:00-04:00,155.53641123161051,158.40735923937876,154.902821976505,156.7342987060547,581700,0.0,0.0,MAA,1d
2025-04-23 00:00:00-04:00,157.99156276211383,160.24872535690548,157.29857689633724,157.92227172851562,599800,0.0,0.0,MAA,1d
2025-04-24 00:00:00-04:00,157.9519794725543,159.4567596608948,156.79369979076563,157.86288452148438,683400,0.0,0.0,MAA,1d
2025-04-25 00:00:00-04:00,157.48667788600017,158.22916598667257,156.42738761151386,157.78367614746094,366600,0.0,0.0,MAA,1d
2025-04-28 00:00:00-04:00,157.43717236338475,159.45674841428675,157.43717236338475,158.8330535888672,676600,0.0,0.0,MAA,1d
2025-04-29 00:00:00-04:00,157.99157061571162,159.23896034207485,155.83341236844777,155.91261291503906,1309000,0.0,0.0,MAA,1d
2025-04-30 00:00:00-04:00,155.98190109626694,158.33806821985067,153.65544739482564,158.05096435546875,957800,0.0,0.0,MAA,1d
2025-05-01 00:00:00-04:00,156.35810723909603,162.09010912052352,154.52663042350088,160.44674682617188,1056600,0.0,0.0,MAA,1d
2025-05-02 00:00:00-04:00,163.34738505544578,167.30732166285054,162.3277025875158,166.0896453857422,1026300,0.0,0.0,MAA,1d
2025-05-05 00:00:00-04:00,165.39665867011982,166.05994623581438,163.11969211110372,163.68397521972656,653800,0.0,0.0,MAA,1d
2025-05-06 00:00:00-04:00,162.40690358059123,163.6740820899812,161.8426053616182,163.00088500976562,471700,0.0,0.0,MAA,1d
2025-05-07 00:00:00-04:00,162.99098445692456,164.37695617866657,162.8226889697101,163.169189453125,820000,0.0,0.0,MAA,1d
2025-05-08 00:00:00-04:00,163.49588293355177,163.6344801159112,159.8824466824924,160.0408477783203,956500,0.0,0.0,MAA,1d
2025-05-09 00:00:00-04:00,159.7933471852658,161.95150540717918,159.28844559492202,161.38722229003906,632800,0.0,0.0,MAA,1d
2025-05-12 00:00:00-04:00,162.0010137886142,163.1592934892187,160.17944648711446,161.99111938476562,548900,0.0,0.0,MAA,1d
2025-05-13 00:00:00-04:00,162.21880723470545,162.21880723470545,158.2489761380763,159.31814575195312,677300,0.0,0.0,MAA,1d
2025-05-14 00:00:00-04:00,158.47666724395376,159.1696531395651,155.94231019374104,156.75408935546875,819200,0.0,0.0,MAA,1d
2025-05-15 00:00:00-04:00,157.74406409855976,159.76364013764393,157.25898155359084,159.28843688964844,965700,0.0,0.0,MAA,1d
2025-05-16 00:00:00-04:00,159.38745226369096,161.99111547929687,158.74396859196676,161.56541442871094,1660800,0.0,0.0,MAA,1d
2025-05-19 00:00:00-04:00,160.22894640202378,161.02092166534186,159.50624707060427,159.7240447998047,693000,0.0,0.0,MAA,1d
2025-05-20 00:00:00-04:00,158.54596385322054,160.01115134796635,158.20937285008708,158.7439727783203,593100,0.0,0.0,MAA,1d
2025-05-21 00:00:00-04:00,157.3183919856845,157.7737762558524,154.32863548839273,154.4771270751953,538500,0.0,0.0,MAA,1d
2025-05-22 00:00:00-04:00,155.6750158655432,155.9918180612497,152.46746161083564,152.86346435546875,668500,0.0,0.0,MAA,1d
2025-05-23 00:00:00-04:00,152.9129656881195,152.97236232297536,150.62608950444871,151.22998046875,659300,0.0,0.0,MAA,1d
2025-05-27 00:00:00-04:00,152.44767042090064,153.3386501469723,150.7646852179388,152.6852569580078,970400,0.0,0.0,MAA,1d
2025-05-28 00:00:00-04:00,152.71494435036854,153.3485335805957,151.23987768481717,153.26934814453125,886000,0.0,0.0,MAA,1d
2025-05-29 00:00:00-04:00,152.97235667154516,155.18991152269177,152.3090690968926,154.19003295898438,701600,0.0,0.0,MAA,1d
2025-05-30 00:00:00-04:00,153.2099394977386,155.14042064831727,152.80405748237897,155.0810089111328,1329400,0.0,0.0,MAA,1d
2025-06-02 00:00:00-04:00,153.96233301085022,154.66521326958588,152.22986081841793,154.11082458496094,759200,0.0,0.0,MAA,1d
2025-06-03 00:00:00-04:00,153.2000517919867,153.8039427457767,148.27982921093368,150.8933868408203,1252800,0.0,0.0,MAA,1d
2025-06-04 00:00:00-04:00,150.37858197604075,151.10128126084626,149.33911073349154,150.3389892578125,859900,0.0,0.0,MAA,1d
2025-06-05 00:00:00-04:00,150.33898843998364,150.3884906669688,147.7749332053151,148.31942749023438,974100,0.0,0.0,MAA,1d
2025-06-06 00:00:00-04:00,149.24010459024976,150.36868587147,147.0621425693284,148.3887176513672,645200,0.0,0.0,MAA,1d
2025-06-09 00:00:00-04:00,148.07193974921145,150.2796002214972,146.24046298995958,149.48760986328125,1231000,0.0,0.0,MAA,1d
2025-06-10 00:00:00-04:00,150.3983858881343,151.40817392148148,149.32920122446532,150.3389892578125,1811100,0.0,0.0,MAA,1d
2025-06-11 00:00:00-04:00,150.33899540766478,150.73498302998115,148.260022625605,148.85401916503906,1400000,0.0,0.0,MAA,1d
2025-06-12 00:00:00-04:00,149.08170327241925,149.93309020996094,147.73532428063143,149.93309020996094,907600,0.0,0.0,MAA,1d
2025-06-13 00:00:00-04:00,149.00251443493715,149.65590762329515,147.43833760794072,148.34913635253906,862800,0.0,0.0,MAA,1d
2025-06-16 00:00:00-04:00,149.32921023415858,149.89350846818002,147.62643623438976,148.03233337402344,663900,0.0,0.0,MAA,1d
2025-06-17 00:00:00-04:00,148.15111974773413,149.06191844510047,147.11164849084003,147.49774169921875,840600,0.0,0.0,MAA,1d
2025-06-18 00:00:00-04:00,148.01252329632092,148.70552427891533,147.04234306903157,147.42843627929688,1187100,0.0,0.0,MAA,1d
2025-06-20 00:00:00-04:00,148.15111579600895,148.7253083916593,146.4285531150166,147.07203674316406,1473200,0.0,0.0,MAA,1d
2025-06-23 00:00:00-04:00,147.67593138781177,149.25991204386332,146.83445393787613,148.65602111816406,779800,0.0,0.0,MAA,1d
2025-06-24 00:00:00-04:00,148.39861803769807,148.6560235845035,146.85424518070275,147.67593383789062,1312700,0.0,0.0,MAA,1d
2025-06-25 00:00:00-04:00,146.65625359791554,146.7057558273571,143.78530556181786,144.44859313964844,1387000,0.0,0.0,MAA,1d
2025-06-26 00:00:00-04:00,145.17126852732383,146.02265546171182,143.9535923080573,145.98306274414062,1236000,0.0,0.0,MAA,1d
2025-06-27 00:00:00-04:00,146.41864300424416,147.58683210258144,145.5474672643891,146.36915588378906,956600,0.0,0.0,MAA,1d
2025-06-30 00:00:00-04:00,146.00285174647092,146.6166521643406,143.67639816057547,146.5275421142578,825900,0.0,0.0,MAA,1d
2025-07-01 00:00:00-04:00,146.53745461195808,148.59662340748062,144.60698858676787,147.40863037109375,912200,0.0,0.0,MAA,1d
2025-07-02 00:00:00-04:00,147.00275583858516,148.30952709675014,145.52767397713401,147.71554565429688,1680600,0.0,0.0,MAA,1d
2025-07-03 00:00:00-04:00,147.4284426385799,149.42821491680905,146.5275534071149,148.96292114257812,403500,0.0,0.0,MAA,1d
2025-07-07 00:00:00-04:00,148.96291450471887,150.784481693837,147.41854166585964,148.5867156982422,1262300,0.0,0.0,MAA,1d
2025-07-08 00:00:00-04:00,147.24034552725783,150.07170093755292,147.24034552725783,148.75502014160156,1186500,0.0,0.0,MAA,1d
2025-07-09 00:00:00-04:00,149.48760328731794,149.54699991802835,148.01252149885414,148.72531127929688,800800,0.0,0.0,MAA,1d
2025-07-10 00:00:00-04:00,148.56692643583304,151.299277211125,147.5769423005297,149.58660888671875,1218600,0.0,0.0,MAA,1d
2025-07-11 00:00:00-04:00,147.8541451913623,149.9826051628404,147.8541451913623,149.21041870117188,940000,0.0,0.0,MAA,1d
2025-07-14 00:00:00-04:00,149.4876046797253,151.220076919391,149.26980696111917,149.7449951171875,696600,0.0,0.0,MAA,1d
2025-07-15 00:00:00-04:00,149.44000244140625,149.6999969482422,146.7899932861328,147.42999267578125,1022600,1.515,0.0,MAA,1d
2025-07-16 00:00:00-04:00,147.72000122070312,150.58999633789062,147.52999877929688,150.36000061035156,1027500,0.0,0.0,MAA,1d
2025-07-17 00:00:00-04:00,150.69000244140625,151.57000732421875,150.1999969482422,150.66000366210938,867200,0.0,0.0,MAA,1d
2025-07-18 00:00:00-04:00,150.75999450683594,151.9499969482422,150.27000427246094,150.77000427246094,720100,0.0,0.0,MAA,1d
2025-07-21 00:00:00-04:00,151.41000366210938,152.0500030517578,149.8300018310547,150.02000427246094,741200,0.0,0.0,MAA,1d
2025-07-22 00:00:00-04:00,150.02999877929688,153.47000122070312,150.02999877929688,153.1999969482422,678800,0.0,0.0,MAA,1d
2025-07-23 00:00:00-04:00,153.22000122070312,153.92999267578125,152.24000549316406,152.72999572753906,701900,0.0,0.0,MAA,1d
2025-07-24 00:00:00-04:00,152.91000366210938,153.30999755859375,151.47999572753906,151.67999267578125,569700,0.0,0.0,MAA,1d
2025-07-25 00:00:00-04:00,151.38999938964844,151.89999389648438,150.50999450683594,151.64999389648438,560400,0.0,0.0,MAA,1d
2025-07-28 00:00:00-04:00,151.24000549316406,151.63999938964844,149.13999938964844,149.35000610351562,714300,0.0,0.0,MAA,1d
2025-07-29 00:00:00-04:00,149.69000244140625,152.35000610351562,149.1699981689453,152.32000732421875,619400,0.0,0.0,MAA,1d
2025-07-30 00:00:00-04:00,151.6300048828125,151.72000122070312,147.32000732421875,148.7899932861328,1302300,0.0,0.0,MAA,1d
2025-07-31 00:00:00-04:00,146.3300018310547,149.17999267578125,142.13999938964844,142.42999267578125,1824700,0.0,0.0,MAA,1d
2025-08-01 00:00:00-04:00,144.25,144.25,138.6699981689453,140.0,1382700,0.0,0.0,MAA,1d
2025-08-04 00:00:00-04:00,140.0,142.02999877929688,139.47999572753906,140.10000610351562,1154400,0.0,0.0,MAA,1d
2025-08-05 00:00:00-04:00,140.42999267578125,142.9499969482422,139.52000427246094,141.8000030517578,996100,0.0,0.0,MAA,1d
2025-08-06 00:00:00-04:00,141.6999969482422,142.49000549316406,139.64999389648438,140.61000061035156,808000,0.0,0.0,MAA,1d
2025-08-07 00:00:00-04:00,141.27999877929688,142.4499969482422,140.6199951171875,142.14999389648438,587300,0.0,0.0,MAA,1d
2025-08-08 00:00:00-04:00,142.44000244140625,142.49000549316406,140.00999450683594,140.47999572753906,481200,0.0,0.0,MAA,1d
2025-08-11 00:00:00-04:00,140.50999450683594,141.0,138.33999633789062,138.47999572753906,724900,0.0,0.0,MAA,1d
2025-08-12 00:00:00-04:00,138.52000427246094,138.82000732421875,137.32000732421875,138.3800048828125,910900,0.0,0.0,MAA,1d
2025-08-13 00:00:00-04:00,138.17999267578125,139.99000549316406,137.94000244140625,139.77000427246094,1637700,0.0,0.0,MAA,1d
2025-08-14 00:00:00-04:00,139.42999267578125,140.2100067138672,138.39999389648438,140.02999877929688,879800,0.0,0.0,MAA,1d
2025-08-15 00:00:00-04:00,139.8699951171875,141.6199951171875,139.57000732421875,140.89999389648438,927500,0.0,0.0,MAA,1d
2025-08-18 00:00:00-04:00,141.60000610351562,141.75,140.0,140.05999755859375,623300,0.0,0.0,MAA,1d
2025-08-19 00:00:00-04:00,140.5800018310547,142.41000366210938,140.55999755859375,142.39999389648438,810500,0.0,0.0,MAA,1d
2025-08-20 00:00:00-04:00,143.11000061035156,144.66000366210938,142.27000427246094,142.36000061035156,922100,0.0,0.0,MAA,1d
2025-08-21 00:00:00-04:00,141.3300018310547,142.66000366210938,140.75999450683594,141.00999450683594,635800,0.0,0.0,MAA,1d
2025-08-22 00:00:00-04:00,141.9499969482422,143.72999572753906,141.55999755859375,143.02999877929688,849700,0.0,0.0,MAA,1d
2025-08-25 00:00:00-04:00,142.35000610351562,143.02999877929688,141.3699951171875,142.02999877929688,722500,0.0,0.0,MAA,1d
2025-08-26 00:00:00-04:00,142.13999938964844,143.1699981689453,141.7899932861328,142.6199951171875,1129100,0.0,0.0,MAA,1d
2025-08-27 00:00:00-04:00,143.1999969482422,145.0,142.74000549316406,144.4199981689453,970200,0.0,0.0,MAA,1d
2025-08-28 00:00:00-04:00,144.4199981689453,144.4199981689453,142.86000061035156,144.1300048828125,389100,0.0,0.0,MAA,1d
2025-08-29 00:00:00-04:00,143.82000732421875,145.9600067138672,143.82000732421875,145.82000732421875,594400,0.0,0.0,MAA,1d
2025-09-02 00:00:00-04:00,144.8300018310547,145.2899932861328,141.89999389648438,142.3000030517578,665000,0.0,0.0,MAA,1d
2025-09-03 00:00:00-04:00,141.91000366210938,143.49000549316406,141.8300018310547,143.41000366210938,769700,0.0,0.0,MAA,1d
2025-09-04 00:00:00-04:00,144.02999877929688,144.41000366210938,142.32000732421875,144.0,516600,0.0,0.0,MAA,1d
2025-09-05 00:00:00-04:00,144.72999572753906,146.41000366210938,144.1199951171875,145.39999389648438,620300,0.0,0.0,MAA,1d
2025-09-08 00:00:00-04:00,143.86000061035156,144.7100067138672,143.55999755859375,144.64999389648438,585400,0.0,0.0,MAA,1d
2025-09-09 00:00:00-04:00,143.9199981689453,145.5399932861328,143.6999969482422,145.42999267578125,930800,0.0,0.0,MAA,1d
2025-09-10 00:00:00-04:00,145.35000610351562,145.8000030517578,141.14999389648438,141.4600067138672,744200,0.0,0.0,MAA,1d
2025-09-11 00:00:00-04:00,141.0,144.5500030517578,141.0,144.08999633789062,779400,0.0,0.0,MAA,1d
2025-09-12 00:00:00-04:00,143.82000732421875,144.0,141.6999969482422,142.1999969482422,737100,0.0,0.0,MAA,1d
